03-16-2026 20:27:43.450,-,AT," ,0013A2004198F8D5,802.15.4 TH PRO,2003,COM9 - 115200/8/N/1/N,1,45"

03-16-2026 20:27:43.496,356,RECV,AA0064050000000001BBAA0083080000000000000000BBAA0083080000000000000000BB
03-16-2026 20:27:44.559,357,RECV,AA0080080340000001BBCC00BBAA0082089500544100000000BBAA0084080000000000000000BBAA0086080000000000000000BBAA008808C073BC3CEAD36F41BBAA008B0840089C407097B641BBAA008D08F305B74400000000BBAA009708FFFFC74200000000BB
03-16-2026 20:27:45.606,358,RECV,AA0083080000000000000000BBAA0083080000000000000000BB
03-16-2026 20:27:45.606,359,RECV,AA0551056300000001BBAA0064050000000001BBAA0083080000000000000000BB
03-16-2026 20:27:45.606,360,RECV,AA0083080000000000000000BBAA0081080000000000BB0000BBAA00830800000000000000
03-16-2026 20:27:45.606,361,RECV,00BBAA0085083F7883BD1F62CDBDBBAA0087080000000000000000BBAA0064050000000001BBAA009708FFFFC74200000000BBAA0083080000000000000000BB
03-16-2026 20:27:45.606,362,RECV,AA0083080000000000000000BBAA0551056300000001BBAA0064050000000001BBAA0083080000000000000000BB
03-16-2026 20:27:45.606,363,RECV,AA0083080000000000000000BB
03-16-2026 20:27:45.606,364,RECV,AA0081080000000000000000BBAA055105630000000000AA0084080000000000000000BBAA0086080000000000000000BBAA0064050000000001BBAA009708FFFFC74200000000BBAA0083080000000000000000BB
03-16-2026 20:27:45.606,365,RECV,AA0083080000000000000000BBAA0551056300000001BBAA0064050000000001BBAA0083080000000000000000BB
03-16-2026 20:27:45.606,366,RECV,AA0083080000000000000000BB
03-16-2026 20:27:45.606,367,RECV,AA0081080000000000000000BBAA0083080000000001BB0000BBAA0085083F2B78BDDF2AD1BDBBAA0087080000000000000000BBAA009708FFFFC74200000000BBAA0083080000000000000000BB
03-16-2026 20:27:45.606,368,RECV,AA0083080000000000000000BBAA0551056300000001BBAA0064050000000001BBAA0083080000000000000000BB
03-16-2026 20:27:45.606,369,RECV,AA0083080000000000000000BB
03-16-2026 20:27:45.606,370,RECV,AA0081080000000000000000BBAA0083080000000000000000BBAA05510563000000DF30AA0086080000000000000000BBAA009708FFFFC74200000000BBAA0083080000000000000000BB
03-16-2026 20:27:45.606,371,RECV,AA0083080000000000000000BBAA0551056300000001BBAA0064050000000001BB
03-16-2026 20:27:45.606,372,RECV,AA0083080000000000000000BBAA0083080000000000000000BB
03-16-2026 20:27:45.606,373,RECV,AA00800803400000ED000000BBAA008208F1E1534100000000BBAA0084080000000000000000BBAA055105630000000000AA0087080000000000000000BBAA008908EBE1ED3FD1C75340BBAA008C0890E1BD4100000000BBAA008E083B98153D00000000BB
03-16-2026 20:27:45.606,374,RECV,AA0083080000000000000000BBAA0083080000000000000000BB
03-16-2026 20:27:45.606,375,RECV,AA0064050000000001BBAA0083080000000000000000BBAA0083080000000000000000BB
03-16-2026 20:27:45.606,376,RECV,AA0081080000000000000000BBAA0083080000000000000000BBAA0085080000000001BBD1BDBBAA055105630000000100AA009708FFFFC74200000000BB
03-16-2026 20:27:45.606,377,RECV,AA0083080000000000000000BBAA0083080000000000000000BBAA0064050000000001BBAA0551056300000001BB
03-16-2026 20:27:45.606,378,RECV,AA0083080000000000000000BB
03-16-2026 20:27:45.606,379,RECV,AA0083080000000000000000BBAA0081080000000000000000BBAA0083080000000000000000BBAA006405000000BD5F8DAA0086080000000000000000BBAA0551056300000001BBAA009708FFFFC74200000000BB
03-16-2026 20:27:45.606,380,RECV,AA0083080000000000000000BBAA0083080000000000000000BB
03-16-2026 20:27:45.606,381,RECV,AA0064050000000001BBAA0551056300000001BBAA0083080000000000000000BB
03-16-2026 20:27:45.606,382,RECV,AA0083080000000000000000BB
03-16-2026 20:27:45.606,383,RECV,AA0081080000000000000000BBAA0083080000000001BB0000BBAA008508BEDA7ABD9F9A0000BBAA0087080000000000000000BBAA0551056300000001BBAA009708FFFFC74200000000BBAA0083080000000000000000BB
03-16-2026 20:27:45.606,384,RECV,AA0083080000000000000000BBAA0064050000000001BBAA0551056300000001BBAA0083080000000000000000BB
03-16-2026 20:27:45.606,385,RECV,AA0083080000000000000000BB
03-16-2026 20:27:45.606,386,RECV,AA0081080000000000000000BBAA0064050000000001BBAA0084080000000000000000BBAA0086080000000000000000BBAA0551056300000001BBAA009708FFFFC74200000000BBAA0083080000000000000000BB
03-16-2026 20:27:45.606,387,RECV,AA0083080000000000000000BBAA0064050000000001BBAA0551056300000001BBAA0083080000000000000000BB
03-16-2026 20:27:45.606,388,RECV,AA0083080000000000000000BB
03-16-2026 20:27:45.606,389,RECV,AA00800803400000ED05CC2FBBAA006405000000000000AA0083080000000000000000BBAA008508FEF37BBD1F80C8BDBBAA0087080000000000000000BBAA00890871E3ED3F8DC75340BBAA008C085C0CBE4100000000BBAA008E083B98153D00000000BBAA0083080000000000000000BB
03-16-2026 20:27:45.606,390,RECV,AA0083080000000000000000BBAA0064050000000001BBAA0551056300000001BB
03-16-2026 20:27:45.606,391,RECV,AA0083080000000000000000BBAA0083080000000000000000BB
03-16-2026 20:27:45.606,392,RECV,AA006405000000000000AA008208A7E3534100000000BBAA0084080000000000000000BBAA0086080000000000000000BBAA0551056300000001BBAA009708FFFFC74200000000BBAA0083080000000000000000BB
03-16-2026 20:27:45.606,393,RECV,AA0083080000000000000000BBAA0064050000000001BB
03-16-2026 20:27:45.606,394,RECV,AA0551056300000001BBAA0083080000000000000000BBAA0083080000000000000000BB
03-16-2026 20:27:45.606,395,RECV,AA0064050000000001BBAA0081080000000000000000BBAA0083080000000000000000BBAA008508BE577BBDDF8FD5BDBBAA0087080000000000000000BBAA0551056300000001BBAA009708FFFFC74200000000BB
03-16-2026 20:27:45.606,396,RECV,AA0083080000000000000000BBAA0083080000000000000000BB
03-16-2026 20:27:45.606,397,RECV,AA0064050000000001BBAA0551056300000001BBAA0083080000000000000000BB
03-16-2026 20:27:45.606,398,RECV,AA0083080000000000000000BBAA0064050000000001BBAA0081080000000000000000BBAA0083080000000000000000BBAA0085083E967BBDFF7ED0BDBBAA0087080000000000000000BBAA0551056300000001BBAA009708FFFFC74200000000BB
03-16-2026 20:27:45.606,399,RECV,AA0083080000000000000000BBAA0083080000000000000000BB
03-16-2026 20:27:45.606,400,RECV,AA0064050000000001BBAA0551056300000001BBAA0083080000000000000000BB
03-16-2026 20:27:45.606,401,RECV,AA0083080000000000000000BBAA0064050000000001BB
03-16-2026 20:27:45.606,402,RECV,AA0081080000000000000000BBAA0083080000000000000000BBAA008508BEBC7FBD3F27CFBDBBAA0087080000000000000000BBAA055105FFFFC7420000AA0083080000000000000000BB
03-16-2026 20:27:45.606,403,RECV,AA0083080000000000000000BBAA0064050000000001BBAA0551056300000001BBAA0083080000000000000000BB
03-16-2026 20:27:45.606,404,RECV,AA0083080000000000000000BB
03-16-2026 20:27:45.606,405,RECV,AA0064050000000001BBAA00800803400000ED05CC00BBAA00820896D1534100000000BBAA0084080000000000000000BBAA0086080000000000000000BBAA008808C0A3B93C6AD46F41BBAA008B0840089C407097B641BBAA008D08F305B74400000000BBAA009708FFFFC74200000000BBAA0083080000000000000000BB
03-16-2026 20:27:45.606,406,RECV,AA0083080000000000000000BBAA0064050000000001BBAA0551056300000001BBAA0083080000000000000000BB
03-16-2026 20:27:45.606,407,RECV,AA0083080000000000000000BBAA00
03-16-2026 20:27:45.606,408,RECV,64050000000001BBAA0081080000000000000000BBAA0083080000000000000000BBAA008508BE5D7ABDBFF4CCBDBBAA0087080000000000000000BBAA009708FFFFC74200000000BBAA0551056300000001BBAA0083080000000000000000BB
03-16-2026 20:27:45.606,409,RECV,AA0083080000000000000000BBAA0064050000000001BBAA0551056300000001BBAA00830800000000000000
03-16-2026 20:27:45.606,410,RECV,00BBAA0083080000000000000000BB
03-16-2026 20:27:45.606,411,RECV,AA0064050000000001BBAA0081080000000000000000BBAA0083080000000000000000BBAA008508FF5E82BD9FACCBBDBBAA0087080000000000000000BBAA009708FFFFC74200000000BBAA0551056300000001BBAA0083080000000000000000BB
03-16-2026 20:27:45.606,412,RECV,AA0083080000000000000000BBAA0064050000000001BB
03-16-2026 20:27:45.606,413,RECV,AA0551056300000001BBAA0083080000000000000000BBAA0083080000000000000000BB
03-16-2026 20:27:45.606,414,RECV,AA0064050000000001BBAA0081080000000000000000BBAA0083080000000000000000BBAA008508BE457EBD1FC7D1BDBBAA0087080000000000000000BBAA009708FFFFC74200000000BBAA0551056300000001BB
03-16-2026 20:27:45.606,415,RECV,AA0083080000000000000000BBAA0083080000000000000000BBAA0064050000000001BB
03-16-2026 20:27:45.606,416,RECV,AA0551056300000001BBAA0083080000000000000000BBAA0083080000000000000000BB
03-16-2026 20:27:45.606,417,RECV,AA0064050000000001BBAA0081080000000000000000BBAA0083080000000000000000BBAA008508BE4B7DBD7FD5CCBDBBAA0087080000000000000000BBAA009708FFFFC74200000000BBAA0551056300000001BB
03-16-2026 20:27:45.606,418,RECV,AA0083080000000000000000BBAA0083080000000000000000BBAA0064050000000001BB
03-16-2026 20:27:45.622,419,RECV,AA0551056300000001BBAA0083080000000000000000BB
03-16-2026 20:27:45.622,420,RECV,AA0083080000000000000000BBAA0064050000000001BBAA00800803400000ED000000BBAA008208ACDD534100000000BBAA0084080000000000000000BBAA0086080000000000000000BBAA00
03-16-2026 20:27:45.622,421,RECV,8808E038B93C41D36F41BBAA008B0840089C407097B641BBAA008D08F305B74400000000BBAA009708FFFFC74200000000BBAA0551056300000001BBAA0083080000000000000000BBAA0083080000000000000000BB
03-16-2026 20:27:45.622,422,RECV,AA0064050000000001BBAA0551056300000001BBAA0083080000000000000000BB
03-16-2026 20:27:45.622,423,RECV,AA0083080000000000000000BBAA0064050000000001BBAA0081080000000000000000BBAA0083080000000000000000BBAA008508FEE77DBDBF77CCBDBBAA0087080000000000000000BBAA
03-16-2026 20:27:45.622,424,RECV,009708FFFFC74200000000BBAA0551056300000001BBAA0083080000000000000000BB
03-16-2026 20:27:45.622,425,RECV,AA0083080000000000000000BBAA0064050000000001BBAA0551056300000001BBAA0083080000000000000000BB
03-16-2026 20:27:45.622,426,RECV,AA0083080000000000000000BBAA0064050000000001BB
03-16-2026 20:27:45.622,427,RECV,AA0081080000000000000000BBAA0083080000000000000000BBAA0085083FAE77BDDF54CABDBBAA0087080000000000000000BBAA009708FFFFC74200000000BBAA0551056300000001BBAA0083080000000000000000BB
03-16-2026 20:27:45.622,428,RECV,AA0083080000000000000000BBAA0064050000000001BBAA0551056300000001BBAA0083080000000000000000BB
03-16-2026 20:27:45.622,429,RECV,AA0083080000000000000000BBAA0064050000000001BB
03-16-2026 20:27:46.653,430,RECV,AA0081080000000000000000BBAA0083080000000000000000BBAA008508FF0579BD9FEDD5BDBBAA0087080000000000000000BBAA009708FFFFC74200000000BBAA0551056300000001BBAA0083080000000000000000BB
03-16-2026 20:27:46.653,431,RECV,AA0083080000000000000000BBAA0064050000000001BBAA055105630000000000
03-16-2026 20:27:47.622,432,RECV,AA0083080000000000000000BBAA0064050000000001BB
03-16-2026 20:27:47.622,433,RECV,AA0081080000000000000000BBAA0083080000000000000000BBAA008508BED47BBD1FEBCBBDBBAA0087080000000000000000BBAA009708FFFFC74200000000BBAA0551056300000001BBAA0083080000000000000000BB
03-16-2026 20:27:47.622,434,RECV,AA0083080000000000000000BBAA0064050000000001BB
03-16-2026 20:27:47.622,435,RECV,AA0083080000000001BB0000BBAA0083080000000000000000BB
03-16-2026 20:27:47.622,436,RECV,AA0064050000000001BBAA00800803400000ED05CC00BBAA00820852EC534100000000BBAA0084080000000000000000BBAA0086080000000000000000BBAA008808601FBC3C0CD86F41BBAA008B0840089C407097B641BBAA008D08F305B74400000000BBAA009708FFFFC74200000000BBAA0551056300000001BB
03-16-2026 20:27:47.622,437,RECV,AA0083080000000000000000BBAA0083080000000000000000BBAA0064050000000001BB
03-16-2026 20:27:47.622,438,RECV,AA0083080000000000000000BBAA0551056300000001BBAA0083080000000000000000BB
03-16-2026 20:27:47.622,439,RECV,AA0064050000000001BBAA0081080000000000000000BBAA0083080000000000000000BBAA008508DF0484BD7FC3CFBDBBAA0087080000000000000000BBAA009708FFFFC74200000000BBAA0551056300000001BB
03-16-2026 20:27:47.622,440,RECV,AA0083080000000000000000BBAA0083080000000000000000BBAA0064050000000001BB
03-16-2026 20:27:47.638,441,RECV,AA0083080000000000000000BBAA0551056300000001BB
03-16-2026 20:27:47.638,442,RECV,AA0083080000000000000000BBAA0064050000000001BB
03-16-2026 20:27:47.638,443,RECV,AA0081080000000000000000BBAA0083080000000000000000BBAA0085083E907CBDDF1ED3BDBBAA0087080000000000000000BBAA009708FFFFC74200000000BBAA0551056300000001BBAA0083080000000000000000BB
03-16-2026 20:27:47.638,444,RECV,AA0083080000000000000000BBAA0064050000000001BBAA0083080000000000000000BBAA0551056300000001BB
03-16-2026 20:27:47.638,445,RECV,AA0083080000000000000000BBAA0064050000000001BB
03-16-2026 20:27:47.638,446,RECV,AA0081080000000000000000BBAA0083080000000000000000BBAA008508BECE7CBDDFC5CCBDBBAA0087080000000000000000BBAA009708FFFFC74200000000BBAA0551056300000001BBAA0083080000000000000000BB
03-16-2026 20:27:47.638,447,RECV,AA0083080000000000000000BBAA0064050000000001BBAA0083080000000000000000BBAA0551056300000001BB
03-16-2026 20:27:47.638,448,RECV,AA0083080000000000000000BBAA0064050000000001BB
03-16-2026 20:27:47.638,449,RECV,AA0081080000000000000000BBAA0083080000000000000000BBAA008508BE3F7FBD5F8DCBBDBBAA0087080000000000000000BBAA009708FFFFC74200000000BBAA0551056300000001BBAA0083080000000000000000BB
03-16-2026 20:27:47.638,450,RECV,AA0083080000000000000000BBAA0083080000000000000000BB
03-16-2026 20:27:47.638,451,RECV,AA0551056300000001BBAA0083080000000000000000BBAA0064050000000001BB
03-16-2026 20:27:47.638,452,RECV,AA00800803400000ED05CC00BBAA008208A1E4534100000000BBAA0084080000000000000000BBAA0086080000000000000000BBAA0088082061BA3CF6D36F41BBAA008B0840089C407097B641BBAA008D08F305B74400000000BBAA009708FFFFC74200000000BBAA0551056300000001BBAA0083080000000000000000BB
03-16-2026 20:27:47.638,453,RECV,AA0083080000000001BB0000BB
03-16-2026 20:27:47.638,454,RECV,AA0083080000000000000000BBAA0551056300000001BBAA0083080000000000000000BB
03-16-2026 20:27:47.638,455,RECV,AA0064050000000001BBAA0081080000000000000000BBAA0083080000000000000000BBAA008508FFDB82BD1F6ECBBDBBAA0087080000000000000000BBAA009708FFFFC74200000000BBAA0551056300000001BBAA0083080000000000000000BB
03-16-2026 20:27:47.638,456,RECV,AA006405000000000100
03-16-2026 20:27:47.638,457,RECV,AA0083080000000000000000BBAA0551056300000001BBAA0083080000000000000000BB
03-16-2026 20:27:47.638,458,RECV,AA0064050000000001BBAA0081080000000000000000BBAA0083080000000000000000BBAA008508FF2973BDBF00CBBDBBAA0087080000000000000000BBAA009708FFFFC74200000000BB
03-16-2026 20:27:47.638,459,RECV,AA0551056300000001BBAA0083080000000000000000BBAA0064050000000001BBAA0083080000000000000000BB
03-16-2026 20:27:47.638,460,RECV,AA0083080000000000000000BBAA0551056300000001BB
03-16-2026 20:27:47.638,461,RECV,AA0083080000000000000000BBAA0064050000000001BBAA0081080000000000000000BBAA0083080000000000000000BBAA0085089FF780BDDF42CDBDBBAA0087080000000000000000BBAA009708FFFFC74200000000BB
03-16-2026 20:27:47.638,462,RECV,AA0551056300000001BBAA0083080000000000000000BBAA0064050000000001BBAA0083080000000000000000BB
03-16-2026 20:27:47.638,463,RECV,AA0083080000000000000000BBAA0551056300000001BB
03-16-2026 20:27:47.638,464,RECV,AA0083080000000000000000BBAA0064050000000001BB
03-16-2026 20:27:47.638,465,RECV,AA0081080000000000000000BBAA0083080000000000000000BBAA008508BFE678BD5F0ACCBDBBAA0087080000000000000000BBAA009708FFFFC74200000000BBAA0551056300000001BBAA0083080000000000000000BB
03-16-2026 20:27:47.638,466,RECV,AA0064050000000001BBAA0083080000000000000000BBAA0083080000000000000000BBAA0551056300000001BB
03-16-2026 20:27:47.638,467,RECV,AA0083080000000000000000BBAA0064050000000001BB
03-16-2026 20:27:47.638,468,RECV,AA00800803400000ED05CC2FBBAA0082081AF0534100000000BBAA0084080000000000000000BBAA0086080000000000000000BBAA008808407BBC3C76D46F41BBAA008B0840089C4010ACB641BBAA008D08F305B74400000000BBAA009708FFFFC74200000000BBAA0551056300000001BBAA0083080000000000000000BB
03-16-2026 20:27:47.638,469,RECV,AA0064050000000001BBAA0083080000000000000000BBAA0083080000000000000000BBAA0551056300000001
03-16-2026 20:27:47.638,470,RECV,BBAA0083080000000000000000BBAA0064050000000001BB
03-16-2026 20:27:47.638,471,RECV,AA0081080000000000000000BBAA0083080000000000000000BBAA008508FF8E77BD1FE5CCBDBBAA0087080000000000000000BBAA009708FFFFC74200000000BBAA0551056300000001BBAA0083080000000000000000BB
03-16-2026 20:27:47.638,472,RECV,AA0064050000000001BBAA0083080000000000000000BBAA0083080000000000000000BB
03-16-2026 20:27:47.638,473,RECV,AA0551056300000001BBAA0083080000000000000000BBAA0064050000000001BB
03-16-2026 20:27:47.638,474,RECV,AA0081080000000000000000BBAA0083080000000000000000BBAA0085089FF780BD1F50D0BDBBAA0087080000000000000000BBAA009708FFFFC74200000000BBAA0551056300000001BBAA0083080000000000000000BB
03-16-2026 20:27:47.638,475,RECV,AA0064050000000001BBAA0083080000000000000000BB
03-16-2026 20:27:47.638,476,RECV,AA0083080000000000000000BBAA0551056300000001BBAA0083080000000000000000BB
03-16-2026 20:27:47.638,477,RECV,AA0064050000000001BBAA0081080000000000000000BBAA0083080000000000000000BBAA0085085F5B80BD9FA6CCBDBBAA0087080000000000000000BBAA009708FFFFC74200000000BBAA0551056300000001BBAA0083080000000000000000BB
03-16-2026 20:27:47.638,478,RECV,AA0064050000000001BBAA0083080000000000000000BB
03-16-2026 20:27:47.638,479,RECV,AA0083080000000000000000BBAA0551056300000001BBAA0083080000000000000000BB
03-16-2026 20:27:47.638,480,RECV,AA0064050000000001BBAA0081080000000000000000BBAA0083080000000000000000BBAA0085081F3082BDDFCBCBBDBBAA0087080000000000000000BBAA009708FFFFC74200000000BB
03-16-2026 20:27:47.638,481,RECV,AA0551056300000001BBAA0083080000000000000000BBAA0064050000000001BBAA0083080000000000000000BB
03-16-2026 20:27:47.638,482,RECV,AA0083080000000000000000BBAA0551056300000001BB
03-16-2026 20:27:47.638,483,RECV,AA0083080000000000000000BBAA0064050000000001BBAA00800803400000ED05CC00BBAA0082081800544100000000BBAA0084080000000000000000BBAA0086080000000000000000BBAA008808E09F
03-16-2026 20:27:47.638,484,RECV,BB3C1FD76F41BBAA008B0840089C4010ACB641BBAA008D08F305B74400000000BBAA009708FFFFC74200000000BBAA0551056300000001BBAA0083080000000000000000BBAA0064050000000001BBAA0083080000000000000000BB
03-16-2026 20:27:47.638,485,RECV,AA0083080000000000000000BBAA0551056300000001BB
03-16-2026 20:27:47.638,486,RECV,AA0083080000000000000000BBAA0064050000000001BBAA0081080000000000000000BBAA0083080000000000000000BBAA0085083E967BBD3F
03-16-2026 20:27:47.670,487,RECV,39CCBDBBAA0087080000000000000000BBAA009708FFFFC74200000000BBAA0551056300000001BBAA0083080000000000000000BBAA0064050000000001BB
03-16-2026 20:27:48.657,488,RECV,AA0083080000000000000000BBAA0083080000000000000000BBAA0551056300000001BB
03-16-2026 20:27:48.660,489,RECV,AA0083080000000000000000BBAA0064050000000001BB
03-16-2026 20:27:48.660,490,RECV,AA0081080000000000000000BBAA0083080000000000000000BBAA0085083E1F7ABD9F94CFBDBBAA0087080000000000000000BBAA009708FFFFC74200000000BBAA0551056300000001BBAA0083080000000000000000BB
03-16-2026 20:27:48.660,491,RECV,AA0064050000000001BBAA0083080000000000000000BBAA0083080000000000000000BB
03-16-2026 20:27:48.660,492,RECV,AA0551056300000001BBAA0083080000000000000000BBAA0064050000000001BB
03-16-2026 20:27:48.660,493,RECV,AA0081080000000000000000BBAA0083080000000000000000BBAA0085087FCD77BDBF4DD3BDBBAA0087080000000000000000BBAA009708FFFFC74200000000BBAA0551056300000001BBAA0083080000000000000000BB
03-16-2026 20:27:48.660,494,RECV,AA0064050000000001BBAA0083080000000000000000BBAA0083080000000000000000BB
03-16-2026 20:27:48.660,495,RECV,AA0551056300000001BBAA0083080000000000000000BBAA0064050000000001BB
03-16-2026 20:27:48.660,496,RECV,AA0081080000000000000000BBAA0083080000000000000000BBAA0085083F2B78BD1F68CCBDBBAA0087080000000000000000BBAA009708FFFFC74200000000BBAA0551056300000001BBAA0083080000000000000000BB
03-16-2026 20:27:48.660,497,RECV,AA0064050000000001BBAA0083080000000000000000BB
03-16-2026 20:27:48.660,498,RECV,AA0083080000000000000000BBAA0551056300000001BBAA0083080000000000000000BBAA0064050000000001BB
03-16-2026 20:27:48.660,499,RECV,AA0080080340000000000000BBAA0082083905544100000000BBAA0084080000000000000000BBAA0086080000000000000000BBAA008808E0F9BB3CEDD46F41BBAA008B0840089C4010ACB641BBAA008D08F305B74400000000BBAA009708FFFFC74200000000BB
03-16-2026 20:27:48.660,500,RECV,AA055105630000000000AA0064050000000001BBAA0083080000000000000000BB
03-16-2026 20:27:48.660,501,RECV,AA0083080000000000000000BBAA0551056300000001BBAA0083080000000000000000BB
03-16-2026 20:27:48.660,502,RECV,AA0064050000000001BBAA0081080000000000000000BBAA0083080000000000000000BBAA008508DFF286BDFF0DCEBDBBAA0087080000000000000000BBAA009708FFFFC74200000000BB
03-16-2026 20:27:48.685,503,RECV,AA0083080000000001BB0000BBAA0064050000000001BBAA0083080000000000000000BB
03-16-2026 20:27:48.748,504,RECV,AA0083080000000000000000BBAA0551056300000001BB
03-16-2026 20:27:49.622,505,RECV,AA0083080000000000000000BBAA0064050000000001BB
03-16-2026 20:27:49.622,506,RECV,AA0081080000000000000000BBAA0083080000000000000000BBAA008508BE577BBD7F22D5BDBBAA0087080000000000000000BBAA009708FFFFC74200000000BBAA0083080000000000000000BBAA0551056300000001BBAA0064050000000001BB
03-16-2026 20:27:49.622,507,RECV,AA0083080000000000000000BBAA0083080000000000000000BBAA0551056300
03-16-2026 20:27:49.622,508,RECV,000001BBAA0083080000000000000000BBAA0064050000000001BBAA0081080000000000000000BBAA00830800000000
03-16-2026 20:27:49.622,509,RECV,00000000BBAA008508FE7C7ABD3F80D5BDBBAA0087080000000000000000BBAA009708FFFFC74200000000BBAA0083080000000000000000BBAA0551056300000001BBAA0064050000000001BB
03-16-2026 20:27:49.622,510,RECV,AA0083080000000000000000BBAA0083080000000000000000BB
03-16-2026 20:27:49.622,511,RECV,AA0551056300000001BBAA0083080000000000000000BBAA0064050000000001BB
03-16-2026 20:27:49.622,512,RECV,AA0081080000000000000000BBAA0083080000000000000000BBAA008508BE517CBD7FBDD0BDBBAA0087080000000000000000BBAA009708FFFFC74200000000BBAA0083080000000000000000BBAA0551056300000001BB
03-16-2026 20:27:49.622,513,RECV,AA0064050000000001BBAA0083080000000000000000BBAA0083080000000000000000BB
03-16-2026 20:27:49.622,514,RECV,AA0551056300000001BBAA0083080000000000000000BBAA0064050000000001BB
03-16-2026 20:27:49.638,515,RECV,AA00800803400000ED050000BBAA008208FBD5534100000000BBAA0084080000000000000000BBAA0086080000000000000000BBAA008808008FBB3C03D36F41BBAA008B0840089C4010ACB641BBAA008D08F305B74400000000BBAA009708FFFFC74200000000BBAA0083080000000000000000BBAA0551056300000001BB
03-16-2026 20:27:49.638,516,RECV,AA0064050000000001BBAA0083080000000000000000BB
03-16-2026 20:27:49.638,517,RECV,AA0083080000000000000000BBAA0551056300000001BBAA0083080000000000000000BBAA0064050000000001BB
03-16-2026 20:27:49.638,518,RECV,AA0081080000000000000000BBAA0083080000000000000000BBAA008508BE5D7ABD7F46CFBDBBAA0087080000000000000000BBAA009708FFFFC74200000000BBAA0083080000000000000000BB
03-16-2026 20:27:49.701,519,RECV,AA0551056300000001BBAA0064050000000001BBAA0083080000000000000000BB
03-16-2026 20:27:50.599,520,RECV,AA0083080000000000000000BBAA0551056300000001BBAA0083080000000001BB0000BB
03-16-2026 20:27:50.603,521,RECV,AA0081080000000000000000BBAA0083080000000000000000BBAA008508FE5E7FBDBF7DCBBDBBAA0087080000000000000000BBAA009708FFFFC74200000000BB
03-16-2026 20:27:50.603,522,RECV,AA0083080000000000000000BBAA0551056300000001BBAA0064050000000001BBAA0083080000000000000000BB
03-16-2026 20:27:50.603,523,RECV,AA0083080000000000000000BBAA0551056300000001BB
03-16-2026 20:27:50.603,524,RECV,AA006405000000000000AA0081080000000000000000BBAA0083080000000000000000BBAA0085083E9C7ABD9F05D2BDBBAA0087080000000000000000BBAA009708FFFFC74200000000BB
03-16-2026 20:27:50.603,525,RECV,AA0083080000000000000000BBAA0551056300000001BBAA0064050000000001BB
03-16-2026 20:27:50.603,526,RECV,AA0083080000000000000000BBAA0083080000000000000000BB
03-16-2026 20:27:50.603,527,RECV,AA0551056300000001BBAA0064050000000001BBAA0083080000000000000000BBAA0081
03-16-2026 20:27:50.603,528,RECV,080000000000000000BBAA0083080000000000000000BBAA0085083E9C7ABDFF2BC9BDBBAA0087080000000000000000BBAA009708FFFFC74200000000BBAA0083080000000000000000BBAA0551056300000001BBAA0064050000000001BB
03-16-2026 20:27:50.603,529,RECV,AA0083080000000000000000BBAA0083080000000000000000BB
03-16-2026 20:27:50.603,530,RECV,AA0551056300000001BBAA0064050000000001BBAA0083080000000000000000BB
03-16-2026 20:27:50.603,531,RECV,AA00800803400000ED000000BBAA008208FDDF534100000000BBAA0084080000000000000000BBAA0086080000000000000000BBAA00880840E5BB3C17D46F41BBAA008B0840089C40ACC0B641BBAA008D08F305B74400000000BBAA009708FFFFC74200000000BBAA0083080000000000000000BBAA0551056300000001BBAA0064050000000001BB
03-16-2026 20:27:50.603,532,RECV,AA0083080000000000000000BBAA0083080000000000000000BB
03-16-2026 20:27:50.606,533,RECV,AA0551056300000001BBAA0064050000000001BBAA0083080000000000000000BB
03-16-2026 20:27:50.654,534,RECV,AA0081080000000000000000BBAA0083080000000000000000BBAA0085085FC084BD5F63D2BDBBAA0087080000000000000000BBAA009708FFFFC74200000000BBAA0083080000000000000000BBAA0551056300000001BBAA0064050000000001BB
03-16-2026 20:27:51.606,535,RECV,AA0083080000000000000000BBAA0083080000000000000000BB
03-16-2026 20:27:51.609,536,RECV,AA0551056300000001BBAA0064050000000001BBAA0083080000000000000000BB
03-16-2026 20:27:51.609,537,RECV,AA0081080000000000000000BBAA0083080000000000000000BBAA008508FF0579BDDFC5CCBDBBAA0087080000000000000000BBAA009708FFFFC74200000000BBAA0083080000000000000000BB
03-16-2026 20:27:51.609,538,RECV,AA0551056300000001BBAA0064050000000001BBAA0083080000000000000000BB
03-16-2026 20:27:51.609,539,RECV,AA0083080000000000000000BBAA0551056300000001BBAA0064050000000001BBAA0083080000000000000000BB
03-16-2026 20:27:51.609,540,RECV,AA0081080000000000000000BBAA0083080000000000000000BBAA008508BE517CBDFF31C8BDBBAA0087080000000000000000BBAA009708FFFFC74200000000BBAA0083080000000000000000BB
03-16-2026 20:27:51.609,541,RECV,AA0551056300000001BBAA0064050000000001BBAA0083080000000000000000BB
03-16-2026 20:27:51.609,542,RECV,AA0083080000000000000000BBAA0551056300000001BBAA0064050000000001BBAA0083080000000000000000BB
03-16-2026 20:27:51.609,543,RECV,AA0081080000000000000000BBAA0083080000000000000000BBAA0085087E387BBDDF5AC9BDBBAA0087080000000000000000BBAA009708FFFFC74200000000BB
03-16-2026 20:27:51.609,544,RECV,AA0083080000000000000000BBAA0551056300000001BBAA0064050000000001BBAA0083080000000000000000BB
03-16-2026 20:27:51.609,545,RECV,AA0083080000000000000000BBAA0064050000000001BB
03-16-2026 20:27:51.609,546,RECV,AA0083080000000000000000BB
03-16-2026 20:27:51.609,547,RECV,AA00800803400000ED05CC00BBAA008208D1F6534100000000BBAA0084080000000000000000BBAA0086080000000000000000BBAA008808009EBB3CF5D26F41BBAA008B0840089C40ACC0B641BBAA008D08F305B74400000000BBAA009708FFFFC74200000000BBAA0083080000000000000000BBAA0064050000000001BBAA0551056300000001BBAA0083080000000000000000BB
03-16-2026 20:27:51.609,548,RECV,AA0083080000000000000000BB
03-16-2026 20:27:51.609,549,RECV,AA0064050000000001BBAA0551056300000001BBAA0083080000000000000000BBAA0081080000000000000000BBAA0083080000000000000000BBAA0085083E847EBD3F86D4BDBBAA0087080000000000000000BB
03-16-2026 20:27:51.670,550,RECV,AA009708FFFFC74200000000BBAA0083080000000000000000BBAA0064050000000001BBAA0551056300000001BB
03-16-2026 20:27:52.594,551,RECV,AA0083080000000000000000BBAA0083080000000000000000BB
03-16-2026 20:27:52.600,552,RECV,AA0064050000000001BBAA0551056300000001BBAA0083080000000000000000BB
03-16-2026 20:27:52.600,553,RECV,AA0081080000000000000000BBAA0083080000000000000000BBAA0085087E3E7ABDDFC5CCBDBBAA0087080000000000000000BBAA009708FFFFC74200000000BBAA0083080000000000000000BBAA0064050000000001BBAA0551056300000001BB
03-16-2026 20:27:52.600,554,RECV,AA0083080000000000000000BBAA0083080000000000000000BB
03-16-2026 20:27:52.600,555,RECV,AA0064050000000001BBAA0551056300000001BBAA0083080000000000000000BB
03-16-2026 20:27:52.600,556,RECV,AA0081080000000000000000BBAA0083080000000000000000BBAA008508FF0B78BD3F03D5BDBBAA0087080000000000000000BBAA009708FFFFC74200000000BBAA0083080000000000000000BBAA0064050000000001BBAA0551056300000001BB
03-16-2026 20:27:52.600,557,RECV,AA0083080000000000000000BBAA0083080000000000000000BB
03-16-2026 20:27:52.600,558,RECV,AA0064050000000001BBAA0551056300000001BBAA0083080000000000000000BB
03-16-2026 20:27:52.600,559,RECV,AA0081080000000000000000BBAA0083080000000000000000BBAA008508FF0B78BDDF1ED3BDBBAA0087080000000000000000BBAA009708FFFFC74200000000BBAA0083080000000000000000BB
03-16-2026 20:27:52.600,560,RECV,AA0064050000000001BBAA0551056300000001BBAA0083080000000000000000BB
03-16-2026 20:27:52.600,561,RECV,AA0083080000000000000000BBAA0064050000000001BBAA0551056300000001BBAA0083080000000000000000BB
03-16-2026 20:27:52.600,562,RECV,AA00800803400000ED05CC2FBBAA008208B9C6534100000000BBAA0084080000000000000000BBAA0086080000000000000000BBAA0088086099BA3C35D36F41BBAA008B0840089C40ACC0B641BBAA008D08F305B74400000000BBAA009708FFFFC74200000000BB
03-16-2026 20:27:52.600,563,RECV,AA0083080000000000000000BBAA0064050000000001BBAA0551056300000001BBAA0083080000000000000000BB
03-16-2026 20:27:52.600,564,RECV,AA0083080000000000000000BBAA0064050000000001BBAA0551056300000001BBAA0083080000000000000000BB
03-16-2026 20:27:52.623,565,RECV,AA0081080000000000000000BBAA0083080000000000000000BBAA008508FF8279BD1F03C8BDBBAA0087080000000000000000BBAA009708FFFFC74200000000BB
03-16-2026 20:27:52.688,566,RECV,AA0083080000000000000000BBAA0064050000000001BBAA0551056300000001BBAA0083080000000000000000BB
03-16-2026 20:27:53.625,567,RECV,AA0083080000000000000000BBAA0064050000000001BB
03-16-2026 20:27:53.629,568,RECV,AA055105630000000000
03-16-2026 20:27:53.629,569,RECV,AA0081080000000000000000BBAA0083080000000000000000BBAA0085085F3187BDDF2AD1BDBBAA0087080000000000000000BBAA009708FFFFC74200000000BBAA0083080000000000000000BBAA0064050000000001BBAA0551056300000001BB
03-16-2026 20:27:53.629,570,RECV,AA0083080000000000000000BBAA0083080000000000000000BB
03-16-2026 20:27:53.629,571,RECV,AA0064050000000001BBAA0083080000000001BB0000BB
03-16-2026 20:27:53.629,572,RECV,AA0081080000000000000000BBAA0083080000000000000000BBAA0085089FCD87BDDF42CDBDBBAA0087080000000000000000BBAA009708FFFFC74200000000BBAA0083080000000000000000BBAA0064050000000001BBAA0551056300000001BB
03-16-2026 20:27:53.629,573,RECV,AA0083080000000000000000BBAA0083080000000000000000BB
03-16-2026 20:27:53.629,574,RECV,AA0064050000000001BBAA0083080000000000000000BBAA0551056300000001BB
03-16-2026 20:27:53.629,575,RECV,AA0081080000000000000000BBAA0083080000000000000000BBAA0085085F1F8ABD7FB1D2BDBBAA0087080000000000000000BBAA009708FFFFC74200000000BBAA0083080000000000000000BBAA0064050000000001BB
03-16-2026 20:27:53.629,576,RECV,AA0551056300000001BBAA0083080000000000000000BBAA0083080000000000000000BB
03-16-2026 20:27:53.629,577,RECV,AA0064050000000001BBAA0083080000000000000000BBAA0551056300000001BB
03-16-2026 20:27:53.629,578,RECV,AA00800803400000ED05CC00BBAA00820882FE534100000000BBAA0084080000000000000000BBAA0086080000000000000000BBAA00880860AAB83C48D36F41BBAA008B0840089C40ACC0B641BBAA008D08F305B74400000000BBAA009708FFFFC74200000000BBAA0083080000000000000000BBAA0064050000000001BB
03-16-2026 20:27:53.629,579,RECV,AA0551056300000001BBAA0083080000000000000000BB
03-16-2026 20:27:53.629,580,RECV,AA0083080000000000000000BBAA0064050000000001BBAA0083080000000000000000BBAA0551056300000001BB
03-16-2026 20:27:53.641,581,RECV,AA0081080000000000000000BBAA0083080000000000000000BBAA0085081FAD82BD3F98D1BDBBAA0087080000000000000000BBAA009708FFFFC74200000000BBAA00830800
03-16-2026 20:27:53.705,582,RECV,00000000000000BBAA0064050000000001BBAA0551056300000001BBAA0083080000000000000000BB
03-16-2026 20:27:54.614,583,RECV,AA0083080000000000000000BBAA0064050000000001BBAA0083080000000000000000BBAA0551056300000001BB
03-16-2026 20:27:54.614,584,RECV,AA0081080000000000000000BBAA0083080000000000000000BBAA008508FFFF79BD3FBCCBBDBBAA0087080000000000000000BBAA009708FFFFC74200000000BB
03-16-2026 20:27:54.614,585,RECV,AA0083080000000000000000BBAA0064050000000001BBAA0551056300000001BBAA0083080000000000000000BB
03-16-2026 20:27:54.614,586,RECV,AA0083080000000000000000BBAA0064050000000001BBAA0083080000000000000000BBAA0551056300000001BB
03-16-2026 20:27:54.614,587,RECV,AA0081080000000000000000BBAA0083080000000000000000BBAA0085083F2579BDBF6BCEBDBBAA0087080000000000000000BBAA009708FFFFC74200000000BB
03-16-2026 20:27:54.614,588,RECV,AA0083080000000000BB0000BBAA0551056300000001BBAA0083080000000000000000BB
03-16-2026 20:27:54.614,589,RECV,AA0083080000000000000000BBAA0064050000000001BB
03-16-2026 20:27:54.614,590,RECV,AA0083080000000000000000BBAA0551056300000001BB
03-16-2026 20:27:54.614,591,RECV,AA0081080000000000000000BBAA0083080000000000000000BBAA008508BEBC7FBDFF96CCBDBBAA0087080000000000000000BBAA009708FFFFC74200000000BBAA006405000000000000AA0551056300000001BB
03-16-2026 20:27:54.614,592,RECV,AA0083080000000000000000BBAA0083080000000000000000BBAA0064050000000001BB
03-16-2026 20:27:54.614,593,RECV,AA0083080000000000000000BBAA0551056300000001BB
03-16-2026 20:27:54.614,594,RECV,AA00800803400000ED05CC2FBBAA0082081DE0534100000000BBAA0084080000000000000000BBAA0086080000000000000000BBAA00880800FBB83CD3D55340BBAA008B0840089C40ACC00000BBAA008D08F305B74400000000BBAA009708FFFFC74200000000BBAA0064050000000001BBAA0083080000000000000000BBAA05510563
03-16-2026 20:27:54.614,595,RECV,00000001BBAA0083080000000000000000BBAA0083080000000000000000BB
03-16-2026 20:27:54.614,596,RECV,AA0064050000000001BBAA0083080000000000000000BBAA0551056300000001BB
03-16-2026 20:27:54.662,597,RECV,AA0081080000000000000000BBAA0083080000000000000000BBAA008508FEED7CBD9FACCBBDBBAA0087080000000000000000BBAA009708FFFFC74200000000BBAA0064050000000001BBAA0083080000000000000000BB
03-16-2026 20:27:55.636,598,RECV,AA0551056300000001BBAA0083080000000000000000BBAA0083080000000000000000BB
03-16-2026 20:27:55.636,599,RECV,AA0064050000000001BBAA0083080000000000000000BBAA0551056300000001BB
03-16-2026 20:27:55.636,600,RECV,AA0081080000000000000000BBAA0083080000000000000000BBAA008508FEED7CBD5FF8CEBDBBAA0087080000000000000000BBAA009708FFFFC74200000000BBAA0064050000000001BBAA0083080000000000000000BB
03-16-2026 20:27:55.636,601,RECV,AA0551056300000001BBAA0083080000000000000000BBAA0083080000000000000000BB
03-16-2026 20:27:55.636,602,RECV,AA0064050000000001BBAA0083080000000000000000BBAA0551056300000001BB
03-16-2026 20:27:55.636,603,RECV,AA0081080000000000000000BBAA0083080000000000000000BBAA0085083E077EBD3F27CFBDBBAA0087080000000000000000BBAA009708FFFFC74200000000BBAA0064050000000001BBAA0083080000000000000000BB
03-16-2026 20:27:55.636,604,RECV,AA0551056300000001BBAA0083080000000000000000BB
03-16-2026 20:27:55.636,605,RECV,AA0083080000000000000000BBAA0064050000000001BBAA0083080000000000000000BBAA055105
03-16-2026 20:27:55.636,606,RECV,6300000001BBAA0081080000000000000000BBAA0083080000000000000000BBAA008508DF1C80BD7F64CABDBBAA0087080000000000000000BBAA009708FFFFC74200000000BBAA0064050000000001BBAA0083080000000000000000BB
03-16-2026 20:27:55.636,607,RECV,AA0551056300000001BBAA0083080000000000000000BB
03-16-2026 20:27:55.636,608,RECV,AA0083080000000000000000BBAA0064050000000001BBAA0083080000000000000000BBAA0551056300
03-16-2026 20:27:55.636,609,RECV,000001BBAA00800803400000ED05CC00BBAA00820872D7534100000000BBAA0084080000000000000000BBAA0086080000000000000000BBAA008808C085B93C7AD36F41BBAA008B0840089C40ACC0B641BBAA008D08F305B74400000000BBAA009708FFFFC74200000000BBAA0064050000000001BB
03-16-2026 20:27:55.636,610,RECV,AA0083080000000000000000BBAA0551056300000001BBAA0083080000000000000000BB
03-16-2026 20:27:55.636,611,RECV,AA0083080000000000000000BBAA0064050000000001BBAA0083080000000000000000BB
03-16-2026 20:27:55.636,612,RECV,AA0551056300000001BBAA0081080000000000000000BBAA0083080000000000000000BBAA0085081FEE8CBD5F22C8BDBBAA0087080000000000000000BBAA009708FFFFC74200000000BB
03-16-2026 20:27:55.684,613,RECV,AA0064050000000001BBAA0083080000000000000000BBAA0551056300000001BBAA0083080000000000000000BB
03-16-2026 20:27:56.635,614,RECV,AA0083080000000000000000BBAA0064050000000001BB
03-16-2026 20:27:56.635,615,RECV,AA0083080000000000000000BBAA0551056300000001BB
03-16-2026 20:27:56.635,616,RECV,AA0081080000000000000000BBAA0083080000000000000000BBAA008508FFD583BDFFE9D3BDBBAA0087080000000000000000BBAA009708FFFFC74200000000BBAA0064050000000001BBAA0083080000000000000000BBAA0551056300000001BB
03-16-2026 20:27:56.640,617,RECV,AA0083080000000000000000BBAA0083080000000000000000BBAA0064050000000001BB
03-16-2026 20:27:57.710,618,RECV,AA0083080000000000000000BBAA0551056300000001BB
03-16-2026 20:27:57.710,619,RECV,AA0081080000000000000000BBAA0083080000000000000000BBAA0085089F6E82BD3F39CCBDBBAA0087080000000000000000BBAA009708FFFFC74200000000BBAA0064050000000001BBAA0083080000000000000000BB
03-16-2026 20:27:57.710,620,RECV,AA0551056300000001BBAA0083080000000000000000BBAA0083080000000000000000BBAA0064050000000001BB
03-16-2026 20:27:57.710,621,RECV,AA0083080000000000000000BBAA0551056300000001BB
03-16-2026 20:27:57.710,622,RECV,AA0081080000000000000000BBAA0083080000000000000000BBAA0085089FF780BDBF7DCBBDBBAA0087080000000000000000BBAA009708FFFFC74200000000BBAA0064050000000001BBAA0083080000000000000000BB
03-16-2026 20:27:57.716,623,RECV,AA0551056300000001BBAA0083080000000000000000BBAA0083080000000000000000BB
03-16-2026 20:27:57.716,624,RECV,AA0064050000000001BBAA0083080000000000000000BBAA0551056300000001BB
03-16-2026 20:27:58.672,625,RECV,AA00800803400000ED050000BBAA00820826EE534100000000BBAA0084080000000000000000BBAA0086080000000000000000BBAA008808A03CB93C89D26F41BBAA008B0840089C40ACC0B641BBAA008D08F305B74400000000BBAA009708FFFFC74200000000BBAA0064050000000001BBAA0083080000000000000000BB
03-16-2026 20:27:58.672,626,RECV,AA0551056300000001BBAA0083080000000000000000BB
03-16-2026 20:27:58.672,627,RECV,AA0083080000000000000000BBAA0064050000000001BBAA0083080000000000000000BBAA0551056300000001BB
03-16-2026 20:27:58.672,628,RECV,AA0081080000000000000000BBAA0083080000000000000000BBAA0085083F0D80BDFF0DCEBDBBAA0087080000000000000000BBAA009708FFFFC74200000000BBAA0064050000000001BBAA0083080000000000000000BB
03-16-2026 20:27:58.672,629,RECV,AA0551056300000001BBAA0083080000000000000000BB
03-16-2026 20:27:58.672,630,RECV,AA0083080000000000000000BBAA0064050000000001BBAA0083080000000000000000BB
03-16-2026 20:27:58.672,631,RECV,AA0551056300000001BBAA0081080000000000000000BBAA0083080000000000000000BBAA008508FFDB82BD9F2FCBBDBBAA0087080000000000000000BBAA009708FFFFC74200000000BB
03-16-2026 20:27:58.672,632,RECV,AA0064050000000001BBAA0083080000000000000000BBAA0551056300000001BBAA0083080000000000000000BB
03-16-2026 20:27:58.672,633,RECV,AA0083080000000000000000BBAA0064050000000001BB
03-16-2026 20:27:58.672,634,RECV,AA0083080000000000000000BBAA0551056300000001BBAA0081080000000000000000BBAA0083080000000000000000BBAA008508FF4087BD3FB0CDBDBBAA0087080000000000000000BBAA009708FFFFC74200000000BBAA0064050000000001BB
03-16-2026 20:27:58.672,635,RECV,AA0083080000000000000000BBAA0083080000000000000000BB
03-16-2026 20:27:58.672,636,RECV,AA0083080000000000000000BBAA0064050000000001BB
03-16-2026 20:27:58.672,637,RECV,AA0083080000000000000000BBAA0551056300000001BB
03-16-2026 20:27:58.672,638,RECV,AA0081080000000000000000BBAA0083080000000000000000BBAA008508FEDB7FBDFFF5D1BDBBAA0087080000000000000000BBAA009708FFFFC74200000000BBAA0064050000000001BBAA0083080000000000000000BB
03-16-2026 20:27:58.672,639,RECV,AA0083080000000000000000BBAA0083080000000000000000BBAA0064050000000001BB
03-16-2026 20:27:58.672,640,RECV,AA0083080000000000000000BBAA0551056300000001BB
03-16-2026 20:27:58.672,641,RECV,AA00800803400000ED05CC00BBAA0082080BFD534100000000BBAA0084080000000000000000BBAA0086080000000000000000BBAA008808602FBB3CA8D66F41BBAA008B0840089C40ACC0B641BBAA008D08F305B74400000000BBAA009708FFFFC74200000000BBAA0064050000000001BBAA0083080000000000000000BB
03-16-2026 20:27:58.672,642,RECV,AA0083080000000000000000BBAA0551056300000001BBAA0083080000000000000000BBAA0064050000000001BB
03-16-2026 20:27:58.672,643,RECV,AA0083080000000000000000BBAA0551056300000001BB
03-16-2026 20:27:58.672,644,RECV,AA0081080000000000000000BBAA0083080000000000000000BBAA0085083F8481BDDF24D2BDBBAA0087080000000000000000BBAA009708FFFFC74200000000BBAA0064050000000001BBAA0083080000000000000000BB
03-16-2026 20:27:58.672,645,RECV,AA0083080000000000000000BBAA0551056300000001BB
03-16-2026 20:27:58.672,646,RECV,AA0083080000000000000000BBAA0064050000000001BBAA0083080000000000000000BBAA0551056300000001BB
03-16-2026 20:27:58.672,647,RECV,AA0081080000000000000000BBAA0083080000000000000000BBAA008508BEBC7FBD7FD5CCBDBBAA0087080000000000000000BBAA009708FFFFC74200000000BBAA0064050000000001BBAA0083080000000000000000BB
03-16-2026 20:27:58.672,648,RECV,AA0083080000000000000000BBAA0551056300000001BB
03-16-2026 20:27:58.672,649,RECV,AA0083080000000000000000BBAA0064050000000001BBAA0083080000000000000000BB
03-16-2026 20:27:58.672,650,RECV,AA0551056300000001BBAA0081080000000000000000BBAA0083080000000000000000BBAA0085083F8481BD1F68CCBDBBAA0087080000000000000000BBAA009708FFFFC74200000000BBAA0064050000000001BBAA0083080000000000000000BB
03-16-2026 20:27:58.672,651,RECV,AA0083080000000000000000BBAA0551056300000001BB
03-16-2026 20:27:58.672,652,RECV,AA0083080000000000000000BBAA0083080000000000000000BB
03-16-2026 20:27:58.672,653,RECV,AA0551056300000001BBAA0081080000000000000000BBAA0083080000000000000000BBAA008508FE707CBD7FD5CCBDBBAA0087080000000000000000BBAA009708FFFFC74200000000BBAA0064050000000001BB
03-16-2026 20:27:58.672,654,RECV,AA0083080000000000000000BBAA0083080000000000000000BBAA0551056300000001BB
03-16-2026 20:27:58.672,655,RECV,AA0083080000000001BB0000BB
03-16-2026 20:27:58.672,656,RECV,AA0083080000000000000000BBAA0551056300000001BBAA00800803400000ED000000BBAA00820892DC534100000000BBAA0084080000000000000000BBAA0086080000000000000000BBAA0088
03-16-2026 20:27:58.672,657,RECV,08C0C2B83C0DD66F41BBAA008B0840089C40ACC0B641BBAA008D08F305B74400000000BBAA009708FFFFC74200000000BBAA0064050000000001BBAA0083080000000000000000BBAA0083080000000000000000BB
03-16-2026 20:27:58.672,658,RECV,AA0551056300000001BBAA0064050000000001BBAA0083080000000000000000BB
03-16-2026 20:27:58.672,659,RECV,AA0083080000000000000000BBAA0551056300000001BB
03-16-2026 20:27:58.672,660,RECV,AA0081080000000000000000BBAA0083080000000000000000BBAA0085083E907CBDBF53D2BDBBAA0087080000000000000000BBAA009708FFFFC74200000000BBAA0064050000000001BBAA0083080000000000000000BB
03-16-2026 20:27:58.733,661,RECV,AA0083080000000000000000BBAA0551056300000001BBAA0064050000000001BBAA0083080000000000000000BB
03-16-2026 20:27:59.660,662,RECV,AA0083080000000000000000BBAA0551056300000001BB
03-16-2026 20:27:59.663,663,RECV,AA0081080000000000000000BBAA0083080000000000000000BBAA008508BEC87DBDBFCAD3BDBBAA0087080000000000000000BBAA009708FFFFC74200000000BBAA0064050000000001BBAA0083080000000000000000BB
03-16-2026 20:27:59.663,664,RECV,AA0083080000000000000000BBAA0551056300000001BBAA0064050000000001BBAA0083080000000000000000BB
03-16-2026 20:27:59.663,665,RECV,AA0083080000000000000000BB
03-16-2026 20:27:59.663,666,RECV,AA0551056300000001BBAA0081080000000000000000BBAA0083080000000000000000BBAA008508BEC87DBDDFB9CEBDBBAA0087080000000000000000BBAA009708FFFFC74200000000BBAA0064050000000001BBAA0083080000000000000000BB
03-16-2026 20:27:59.664,667,RECV,AA0083080000000000000000BBAA0551056300000001BBAA0064050000000001BBAA0083080000000000000000BB
03-16-2026 20:27:59.664,668,RECV,AA0083080000000000000000BB
03-16-2026 20:27:59.665,669,RECV,AA0551056300000001BBAA0081080000000000000000BBAA0083080000000000000000BBAA0085087EAF7CBD3FBCCBBDBBAA0087080000000000000000BBAA009708FFFFC74200000000BBAA0064050000000001BBAA0083080000000000000000BB
03-16-2026 20:27:59.665,670,RECV,AA0083080000000000000000BBAA0551056300000001BB
03-16-2026 20:27:59.665,671,RECV,AA0064050000000001BBAA0083080000000000000000BBAA0083080000000000000000BB
03-16-2026 20:27:59.665,672,RECV,AA0551056300000001BBAA00800803400000ED05CC00BBAA00820856CC534100000000BBAA0084080000000000000000BBAA0086080000000000000000BBAA008808604FB93C21D46F41BBAA008B0840089C4048D5B641BBAA008D08F305B74400000000BBAA009708FFFFC74200000000BBAA0064050000000001BBAA
03-16-2026 20:27:59.665,673,RECV,0083080000000000000000BBAA0083080000000000000000BBAA0551056300000001BB
03-16-2026 20:27:59.666,674,RECV,AA0064050000000001BBAA0083080000000000000000BBAA0083080000000000000000BB
03-16-2026 20:27:59.666,675,RECV,AA0551056300000001BBAA0081080000000000000000BBAA0083080000000000000000BBAA008508BF4581BDDF95D4BDBBAA0087080000000000000000BBAA009708FFFFC74200000000BBAA0064050000000001BB
03-16-2026 20:27:59.688,676,RECV,AA0083080000000000000000BBAA0083080000000000000000BBAA0551056300000001BB
03-16-2026 20:27:59.751,677,RECV,AA0064050000000001BBAA0083080000000000000000BB
03-16-2026 20:28:00.643,678,RECV,AA0083080000000000000000BBAA0551056300000001BBAA0081080000000000000000BBAA0083080000000000000000BBAA0085083E0D7DBD7FE7C9BDBBAA0087080000000000000000BB
03-16-2026 20:28:00.643,679,RECV,AA009708FFFFC74200000000BBAA0064050000000001BBAA0083080000000000000000BBAA0083080000000000000000BB
03-16-2026 20:28:00.643,680,RECV,AA0551056300000001BBAA0064050000000001BBAA0083080000000000000000BB
03-16-2026 20:28:00.643,681,RECV,AA0083080000000000000000BBAA0551056300000001BB
03-16-2026 20:28:00.643,682,RECV,AA0081080000000000000000BBAA0083080000000000000000BBAA008508BFA486BD1FE5CCBDBBAA0087080000000000000000BBAA009708FFFFC74200000000BBAA0083080000000000000000BB
03-16-2026 20:28:00.643,683,RECV,AA0083080000000000000000BBAA0551056300000001BBAA0064050000000001BBAA0083080000000000000000BB
03-16-2026 20:28:00.643,684,RECV,AA0083080000000000000000BB
03-16-2026 20:28:00.643,685,RECV,AA0551056300000001BBAA0081080000000000000000BBAA0083080000000000000000BBAA0085083E1F7ABDDFD1CABDBBAA0087080000000000000000BBAA006405FFFFC7420000AA0083080000000000000000BB
03-16-2026 20:28:00.643,686,RECV,AA0083080000000000000000BBAA0551056300000001BBAA0064050000000001BBAA0083080000000000000000BB
03-16-2026 20:28:00.643,687,RECV,AA0083080000000000000000BB
03-16-2026 20:28:00.643,688,RECV,AA0551056300000001BBAA0080080340000000000000BBAA00820831E7534100000000BBAA0084080000000000000000BBAA0086080000000000000000BBAA0088082081B83C7CD36F41BBAA008B0840089C4048D5B641BBAA008D08F305B74400000000BBAA009708FFFFC74200000000BBAA0083080000000000000000BB
03-16-2026 20:28:00.643,689,RECV,AA0083080000000000000000BBAA0551056300000001BBAA0064050000000001BB
03-16-2026 20:28:00.643,690,RECV,AA0083080000000000000000BBAA0083080000000000000000BB
03-16-2026 20:28:00.643,691,RECV,AA0551056300000001BBAA0081080000000000000000BBAA0083080000000000000000BBAA0085083FC58BBD3FB6CCBDBBAA0087080000000000000000BBAA0064050000000001BBAA009708FFFFC74200000000BBAA0083080000
03-16-2026 20:28:00.707,692,RECV,000000000000BBAA0083080000000000000000BBAA0551056300000001BB
03-16-2026 20:28:01.651,693,RECV,AA0064050000000001BBAA0083080000000000000000BBAA0083080000000000000000BB
03-16-2026 20:28:01.655,694,RECV,AA0551056300000001BBAA00820838EB534100000000BBAA0084080000000000000000BBAA0086080000000000000000BBAA0064050000000001BBAA009708FFFFC74200000000BB
03-16-2026 20:28:01.655,695,RECV,AA0083080000000000000000BB
03-16-2026 20:28:01.655,696,RECV,AA0083080000000000000000BB
03-16-2026 20:28:01.655,697,RECV,AA0551056300000001BBAA0064050000000001BBAA0083080000000000000000BB
03-16-2026 20:28:01.655,698,RECV,AA0083080000000000000000BBAA0081080000000001BB0000BBAA0083080000000000000000BBAA0085089FDF84BD5FDAD3BDBBAA0087080000000000000000BBAA0064050000000001BBAA009708FFFFC74200000000BB
03-16-2026 20:28:01.655,699,RECV,AA0083080000000000000000BBAA0083080000000000000000BB
03-16-2026 20:28:01.655,700,RECV,AA0551056300000001BBAA0064050000000001BBAA0083080000000000000000BB
03-16-2026 20:28:01.655,701,RECV,AA0083080000000000000000BB
03-16-2026 20:28:01.655,702,RECV,AA0081080000000000000000BBAA0083080000000000000000BBAA0085089F6284BDFF84CFBDBBAA0087080000000000000000BBAA0064050000000001BBAA009708FFFFC74200000000BBAA0083080000000000000000BB
03-16-2026 20:28:01.655,703,RECV,AA0083080000000000000000BBAA0551056300000001BBAA0064050000000001BBAA0083080000000000000000BB
03-16-2026 20:28:01.655,704,RECV,AA0083080000000000000000BB
03-16-2026 20:28:01.655,705,RECV,AA00800803400000ED05CC2FBBAA0082082EF2534100000000BBAA0084080000000000000000BBAA0086080000000000000000BBAA0088080000000001BB6F41BBAA008B0840089C40ACC0B641BBAA008D08F305B74400000000BBAA009708FFFFC74200000000BBAA0083080000000000000000BB
03-16-2026 20:28:01.655,706,RECV,AA0083080000000000000000BBAA0551056300000001BBAA0064050000000001BBAA0083080000000000000000BB
03-16-2026 20:28:01.655,707,RECV,AA0083080000000000000000BB
03-16-2026 20:28:01.661,708,RECV,AA0081080000000000000000BBAA0083080000000000000000BBAA0085087E327CBD3FB0CDBDBBAA0087080000000001BB0000BBAA009708FFFFC74200000000BBAA0083080000000000000000BB
03-16-2026 20:28:01.726,709,RECV,AA0083080000000000000000BBAA0551056300000001BBAA0064050000000001BBAA0083080000000000000000BB
03-16-2026 20:28:02.633,710,RECV,AA0083080000000000000000BB
03-16-2026 20:28:02.635,711,RECV,AA0081080000000000000000BBAA0083080000000000000000BBAA0551057EBB7ABDDF48AA0086080000000001BB0000BBAA009708FFFFC74200000000BBAA0083080000000000000000BB
03-16-2026 20:28:02.635,712,RECV,AA0083080000000000000000BBAA0551056300000001BBAA0083080000000000000000BB
03-16-2026 20:28:02.635,713,RECV,AA0083080000000000000000BB
03-16-2026 20:28:02.635,714,RECV,AA0081080000000000000000BBAA0083080000000000000000BBAA0085085F4F820001BBCBBDBBAA0086080000000000000000BBAA009708FFFFC74200000000BBAA0083080000000000000000BB
03-16-2026 20:28:02.635,715,RECV,AA0083080000000000000000BBAA0064050000000001BBAA0551056300000001BB
03-16-2026 20:28:02.635,716,RECV,AA0083080000000000000000BBAA0083080000000000000000BB
03-16-2026 20:28:02.635,717,RECV,AA0081080000000000000000BBAA0083080000000000000000BBAA006405000080BD3F33AA0086080000000001BB0000BBAA009708FFFFC74200000000BBAA0083080000000000000000BB
03-16-2026 20:28:02.635,718,RECV,AA0083080000000000000000BBAA0064050000000001BBAA0551056300000001BB
03-16-2026 20:28:02.635,719,RECV,AA0083080000000000000000BBAA0083080000000000000000BB
03-16-2026 20:28:02.635,720,RECV,AA0080080340000000000000BBAA00820826EE534100000000BBAA006405000000000000AA0085081FA783BD7FC9CEBDBBAA0087080000000001BB0000BBAA00890864E9ED3F30CE5340BBAA008C08A0B8BF4100000000BBAA008E083B98153D00000000BB
03-16-2026 20:28:02.635,721,RECV,AA0083080000000000000000BBAA0083080000000000000000BB
03-16-2026 20:28:02.635,722,RECV,AA0064050000000001BBAA0551056300000001BBAA0083080000000000000000BBAA0083080000000000000000BB
03-16-2026 20:28:02.635,723,RECV,AA0081080000000000000000BBAA006405000000000000AA0084080000000000000000BBAA0086080000000000000000BBAA0551056300000001BBAA009708FFFFC74200000000BB
03-16-2026 20:28:02.681,724,RECV,AA0083080000000000000000BBAA0083080000000000000000BB
03-16-2026 20:28:03.682,725,RECV,AA0064050000000001BBAA0551056300000001BBAA0083080000000000000000BB
03-16-2026 20:28:03.692,726,RECV,AA0083080000000000000000BB
03-16-2026 20:28:03.692,727,RECV,AA0081080000000000000000BBAA0082085FEF534100000000BBAA0084080000000000000000BBAA0086080000000000000000BBAA0551056300000001BBAA009708FFFFC74200000000BBAA0083080000000000000000BB
03-16-2026 20:28:03.692,728,RECV,AA0083080000000000000000BBAA0064050000000001BBAA0551056300000001BBAA0083080000000000000000BB
03-16-2026 20:28:03.692,729,RECV,AA0083080000000000000000BB
03-16-2026 20:28:03.692,730,RECV,AA0081080000000001BB0000BBAA0083080000000000000000BBAA0085087E267EBDBF0CC9BDBBAA0087080000000000000000BBAA0551056300000001BBAA009708FFFFC74200000000BBAA0083080000000000000000BB
03-16-2026 20:28:03.692,731,RECV,AA0083080000000000000000BBAA0064050000000001BBAA0551056300000001BBAA0083080000000000000000BB
03-16-2026 20:28:03.692,732,RECV,AA0083080000000000000000BB
03-16-2026 20:28:03.692,733,RECV,AA0064050000000001BBAA008208CFEC534100000000BBAA0084080000000000000000BBAA0086080000000000000000BBAA0551056300000001BBAA009708FFFFC74200000000BBAA0083080000000000000000BB
03-16-2026 20:28:03.692,734,RECV,AA0083080000000000000000BBAA0064050000000001BBAA0551056300000001BBAA0083080000000000000000BB
03-16-2026 20:28:03.692,735,RECV,AA0083080000000000000000BB
03-16-2026 20:28:03.692,736,RECV,AA00640500000000ED05AA0081080000000000000000BBAA0083080000000000000000BBAA0085083E967BBD1F62CDBDBBAA0087080000000000000000BBAA00890876E6ED3F46CB5340BBAA008C08E8F8BF4100BB0000BBAA008D08F305B74400000000BBAA009708FFFFC74200000000BBAA0083080000000000000000BB
03-16-2026 20:28:03.692,737,RECV,AA0083080000000000000000BBAA0064050000000001BBAA0551056300000001BB
03-16-2026 20:28:03.692,738,RECV,AA0083080000000000000000BBAA0083080000000000000000BB
03-16-2026 20:28:03.692,739,RECV,AA0064050000000001BBAA0081080000000000000000BBAA0083080000000000000000BBAA008508BE517CBDFFB4C7BDBBAA0087080000000000000000BBAA0551056300000001BBAA009708FFFFC74200000000BBAA0083080000000000000000
03-16-2026 20:28:03.698,740,RECV,BBAA0083080000000000000000BBAA0064050000000001BB
03-16-2026 20:28:03.761,741,RECV,AA0551056300000001BBAA0083080000000000000000BBAA0083080000000000000000BB
03-16-2026 20:28:04.688,742,RECV,AA0064050000000001BBAA0081080000000000000000BBAA0083080000000000000000BBAA0085087E387BBD3F92D2BDBBAA0087080000000000000000BBAA055105630000420000
03-16-2026 20:28:04.694,743,RECV,AA0083080000000000000000BBAA0083080000000000000000BBAA0064050000000001BB
03-16-2026 20:28:04.694,744,RECV,AA0551056300000001BBAA0083080000000000000000BB
03-16-2026 20:28:04.694,745,RECV,AA0083080000000000000000BBAA0064050000000001BBAA0081080000000000000000BBAA0083080000000000000000BBAA008508DF1082BD7FC3CFBDBBAA0087080000000000000000BBAA009708FFFFC74201BB0000BB
03-16-2026 20:28:04.694,746,RECV,AA0083080000000000000000BBAA0083080000000000000000BB
03-16-2026 20:28:04.694,747,RECV,AA0064050000000001BBAA0551056300000001BBAA0083080000000000000000BB
03-16-2026 20:28:04.694,748,RECV,AA0083080000000000000000BBAA0064050000000001BB
03-16-2026 20:28:04.694,749,RECV,AA0081080000000000000000BBAA0083080000000000000000BBAA0085083E017FBDFF0DCEBDBBAA0087080000000000000000BBAA009708FFFFC74200000000BBAA0551056300000001BBAA0083080000000000000000BB
03-16-2026 20:28:04.694,750,RECV,AA0083080000000000000000BBAA0064050000000001BBAA0551056300000001BBAA0083080000000000000000BB
03-16-2026 20:28:04.694,751,RECV,AA0083080000000000000000BBAA0064050000000001BB
03-16-2026 20:28:04.694,752,RECV,AA0080080340000000000000BBAA00820850CD534100000000BBAA0084080000000000000000BBAA0086080000000000000000BBAA008808E0A0BA3C66D26F41BBAA008B0840089C4048D5B641BBAA008D08F305B74400000000BBAA009708FFFFC74200000000BBAA0551056300000001BBAA0083080000000000000000BB
03-16-2026 20:28:04.694,753,RECV,AA0083080000000000000000BBAA0064050000000001BBAA0551056300000001BBAA0083080000000000000000BB
03-16-2026 20:28:04.694,754,RECV,AA0083080000000000000000BBAA0064050000000001BB
03-16-2026 20:28:04.694,755,RECV,AA0081080000000000000000BBAA0083080000000000000000BBAA0085087F9184BDFF72D2BDBBAA0087080000000000000000BBAA009708FFFFC74200000000BBAA0551056300000001BBAA0083080000000000000000BB
03-16-2026 20:28:04.715,756,RECV,AA0083080000000000000000BBAA0064050000000001BBAA0551056300000001BBAA0083080000000000000000BB
03-16-2026 20:28:04.778,757,RECV,AA0083080000000000000000BB
03-16-2026 20:28:05.674,758,RECV,AA0064050000000001BBAA0081080000000000000000BBAA0083080000000000000000BBAA008508FF5E82BD9F9ACEBDBBAA0087080000000000000000BBAA009708FFFFC74200000000BBAA0551056300000001BBAA0083080000000000000000BB
03-16-2026 20:28:05.676,759,RECV,AA0083080000000000000000BBAA0064050000000001BB
03-16-2026 20:28:05.676,760,RECV,AA0551056300000001BBAA0083080000000000000000BBAA0083080000000000000000BB
03-16-2026 20:28:05.676,761,RECV,AA0064050000000001BBAA0081080000000000000000BBAA0083080000000000000000BBAA0085087F4A78BDDF30D0BDBBAA0087080000000000000000BBAA009708FFFFC74200000000BBAA0551056300000001BB
03-16-2026 20:28:05.676,762,RECV,AA0083080000000000000000BBAA0083080000000000000000BBAA0064050000000001BB
03-16-2026 20:28:05.676,763,RECV,AA0551056300000001BBAA0083080000000000000000BBAA0083080000000000000000BB
03-16-2026 20:28:05.676,764,RECV,AA0064050000000001BBAA0081080000000000000000BBAA0083080000000000000000BBAA0085081F3681BDDFC5CCBDBBAA0087080000000000000000BBAA009708FFFFC74200000000BBAA0551056300000001BB
03-16-2026 20:28:05.676,765,RECV,AA0083080000000000000000BBAA0083080000000000000000BBAA0064050000000001BB
03-16-2026 20:28:05.676,766,RECV,AA0551056300000001BBAA0083080000000000000000BB
03-16-2026 20:28:05.676,767,RECV,AA0083080000000000000000BBAA0064050000000001BBAA00800803400000ED05CC2FBBAA008208B7F0534100000000BBAA0084080000000000000000BBAA0086080000000000000000BBAA00880820DBB8
03-16-2026 20:28:05.676,768,RECV,3CE1D16F41BBAA008B0840089C40E8E9B641BBAA008D08F305B74400000000BBAA009708FFFFC74200000000BBAA0551056300000001BBAA0083080000000000000000BBAA0083080000000000000000BB
03-16-2026 20:28:05.676,769,RECV,AA0064050000000001BBAA0551056300000001BBAA0083080000000000000000BB
03-16-2026 20:28:05.676,770,RECV,AA0083080000000000000000BBAA0064050000000001BBAA0081080000000000000000BBAA0083080000000000000000BBAA0085083F0781BD3FA4CFBDBBAA0087080000000000000000BB
03-16-2026 20:28:05.676,771,RECV,AA009708FFFFC74200000000BBAA0551056300000001BBAA0083080000000000000000BB
03-16-2026 20:28:05.737,772,RECV,AA0083080000000000000000BBAA0064050000000001BBAA055105630000000000
03-16-2026 20:28:06.746,773,RECV,AA0083080000000000000000BBAA0064050000000001BB
03-16-2026 20:28:06.749,774,RECV,AA0081080000000000000000BBAA0083080000000000000000BBAA008508BF6978BD5F51D5BDBBAA0087080000000000000000BBAA009708FFFFC74200000000BBAA0551056300000001BBAA0083080000000000000000BB
03-16-2026 20:28:06.749,775,RECV,AA0083080000000000000000BBAA0064050000000001BBAA0083080000000001BB0000BB
03-16-2026 20:28:06.749,776,RECV,AA0083080000000000000000BBAA0064050000000001BB
03-16-2026 20:28:06.749,777,RECV,AA0081080000000000000000BBAA0083080000000000000000BBAA008508FFFF79BD1F56CFBDBBAA0087080000000000000000BBAA009708FFFFC74200000000BBAA0551056300000001BBAA0083080000000000000000BB
03-16-2026 20:28:06.749,778,RECV,AA0083080000000000000000BBAA0064050000000001BBAA0083080000000000000000BBAA05510563
03-16-2026 20:28:06.749,779,RECV,00000001BBAA0083080000000000000000BBAA0064050000000001BB
03-16-2026 20:28:06.749,780,RECV,AA0081080000000000000000BBAA0083080000000000000000BBAA0085087F2C80BD7F28D4BDBBAA0087080000000000000000BBAA009708FFFFC74200000000BBAA0551056300000001BBAA0083080000000000000000BB
03-16-2026 20:28:06.749,781,RECV,AA0083080000000000000000BBAA0064050000000001BB
03-16-2026 20:28:06.749,782,RECV,AA0083080000000000000000BBAA0551056300000001BBAA0083080000000000000000BB
03-16-2026 20:28:06.749,783,RECV,AA0064050000000001BBAA00800803400000ED05CC00BBAA0082089DD5534100000000BBAA00840800000000000000BDBBAA0086080000000000000000BBAA0088084033B93C0DD36F41BBAA008B0840089C4048D5B641BBAA008D08F305B74400000000BBAA009708FFFFC74200000000BBAA0551056300000001BB
03-16-2026 20:28:06.749,784,RECV,AA0083080000000000000000BBAA0083080000000000000000BBAA0064050000000001BB
03-16-2026 20:28:06.749,785,RECV,AA0083080000000000000000BBAA0551056300000001BBAA0083080000000000000000BB
03-16-2026 20:28:06.749,786,RECV,AA0064050000000001BBAA0081080000000000000000BBAA0083080000000000000000BBAA0085089F5C85BDDF30D0BDBBAA0087080000000000000000BBAA009708FFFFC74200000000BBAA0551056300000001BB
03-16-2026 20:28:06.749,787,RECV,AA0083080000000000000000BBAA0083080000000000000000BBAA0064050000000001BB
03-16-2026 20:28:06.754,788,RECV,AA0083080000000000000000BBAA0551056300000001BB
03-16-2026 20:28:06.817,789,RECV,AA0083080000000000000000BBAA0064050000000001BBAA0081080000000000000000BBAA0083080000000000000000BBAA0085087E207FBD5FF2CFBDBBAA0087080000000000000000BBAA009708FFFFC74200000000BBAA0551056300000001BB
03-16-2026 20:28:07.806,790,RECV,AA0083080000000000000000BBAA0083080000000000000000BB
03-16-2026 20:28:07.808,791,RECV,AA0083080000000000000000BBAA0551056300000001BB
03-16-2026 20:28:07.808,792,RECV,AA0083080000000000000000BBAA0064050000000001BB
03-16-2026 20:28:07.808,793,RECV,AA0081080000000000000000BBAA0083080000000000000000BBAA008508BEC87DBD9F11D0BDBBAA0087080000000000000000BBAA009708FFFFC74200000000BBAA0551056300000001BBAA0083080000000000000000BB
03-16-2026 20:28:07.808,794,RECV,AA006405000000000000AA0083080000000000000000BBAA0551056300000001BB
03-16-2026 20:28:07.808,795,RECV,AA0083080000000000000000BBAA0064050000000001BB
03-16-2026 20:28:07.808,796,RECV,AA0081080000000000000000BBAA0083080000000000000000BBAA0085083E077EBDDF42CDBDBBAA0087080000000000000000BBAA009708FFFFC74200000000BBAA0551056300000001BBAA0083080000000000000000BB
03-16-2026 20:28:07.808,797,RECV,AA0064050000000001BBAA0083080000000000000000BBAA0083080000000000000000BB
03-16-2026 20:28:07.808,798,RECV,AA0551056300000001BBAA0083080000000000000000BBAA0064050000000001BB
03-16-2026 20:28:07.808,799,RECV,AA00800803400000ED05CC00BBAA008208DAD0534100000000BBAA0084080000000000000000BBAA0086080000000000000000BBAA00880840BBB83C21D46F41BBAA008B0840089C40E8E9B641BBAA008D08F305B74400000000BBAA009708FFFFC74200000000BBAA0551056300000001BBAA0083080000000000000000BB
03-16-2026 20:28:07.808,800,RECV,AA0064050000000001BBAA0083080000000000000000BB
03-16-2026 20:28:07.808,801,RECV,AA0083080000000000000000BBAA0551056300000001BBAA0083080000000000000000BBAA0064050000000001BB
03-16-2026 20:28:07.808,802,RECV,AA0081080000000000000000BBAA0083080000000000000000BBAA008508FF0A90BD7FDBCBBDBBAA0087080000000000000000BBAA009708FFFFC74200000000BBAA0551056300000001BBAA0083080000000000000000BB
03-16-2026 20:28:07.808,803,RECV,AA0064050000000001BBAA0083080000000000000000BB
03-16-2026 20:28:07.808,804,RECV,AA0083080000000000000000BBAA0551056300000001BBAA0083080000000000000000BB
03-16-2026 20:28:07.829,805,RECV,AA0064050000000001BBAA0081080000000000000000BBAA0083080000000000000000BBAA0085089F5C85BDBFCAD3BDBBAA0087080000000000000000BBAA009708FFFFC74200000000BB
03-16-2026 20:28:07.891,806,RECV,AA0551056300000001BBAA0083080000000000000000BBAA0064050000000001BBAA0083080000000000000000BB
03-16-2026 20:28:08.898,807,RECV,AA0083080000000000000000BBAA0551056300000001BB
03-16-2026 20:28:08.900,808,RECV,AA0083080000000000000000BBAA0064050000000001BBAA0081080000000000000000BBAA0083080000000000000000BBAA0085081F0C88BDBFE8CEBDBBAA0087080000000000000000BBAA009708FFFFC74200000000BB
03-16-2026 20:28:08.900,809,RECV,AA0551056300000001BBAA0083080000000000000000BBAA0064050000000001BBAA0083080000000000000000BB
03-16-2026 20:28:08.900,810,RECV,AA0083080000000000000000BBAA0551056300000001BB
03-16-2026 20:28:08.900,811,RECV,AA0083080000000000000000BBAA0064050000000001BB
03-16-2026 20:28:08.900,812,RECV,AA0081080000000000000000BBAA0083080000000000000000BBAA008508BED47BBDBFDCD0BDBBAA0087080000000000000000BBAA009708FFFFC74200000000BBAA0551056300000001BBAA0083080000000000000000BBAA0064050000000001BB
03-16-2026 20:28:08.900,813,RECV,AA0083080000000000000000BBAA0083080000000000000000BBAA0551056300000001BB
03-16-2026 20:28:08.900,814,RECV,AA0083080000000000000000BBAA0064050000000001BB
03-16-2026 20:28:08.900,815,RECV,AA00800803400000ED000000BBAA00820853F1534100000000BBAA0084080000000000000000BBAA0086080000000000000000BBAA008808209FB83C40D36F41BBAA008B0840089C40E8E9B641BBAA008D08F305B74400000000BBAA009708FFFFC74200000000BBAA0551056300000001BBAA0083080000000000000000BB
03-16-2026 20:28:08.900,816,RECV,AA0064050000000001BBAA0083080000000000000000BBAA0083080000000000000000BB
03-16-2026 20:28:08.900,817,RECV,AA0551056300000001BBAA0083080000000000000000BBAA0064050000000001BB
03-16-2026 20:28:08.900,818,RECV,AA0081080000000000000000BBAA0083080000000000000000BBAA008508FF8279BDDF2AD1BDBBAA0087080000000000000000BBAA009708FFFFC74200000000BBAA0551056300000001BBAA0083080000000000000000BB
03-16-2026 20:28:08.900,819,RECV,AA0064050000000001BBAA0083080000000000000000BBAA0083080000000000000000BB
03-16-2026 20:28:08.900,820,RECV,AA0551056300000001BBAA0083080000000000000000BBAA0064050000000001BB
03-16-2026 20:28:08.900,821,RECV,AA0081080000000000000000BBAA0083080000000000000000BBAA0085083F6C85BD3F98D1BDBBAA0087080000000000000000BBAA009708FFFFC74200000000BBAA0551056300000001BBAA0083080000000000000000BB
03-16-2026 20:28:08.904,822,RECV,AA0064050000000001BBAA0083080000000000000000BB
03-16-2026 20:28:08.967,823,RECV,AA0083080000000000000000BBAA0551056300000001BBAA0083080000000000000000BBAA00640500
03-16-2026 20:28:09.991,824,RECV,00000001BBAA0081080000000000000000BBAA0083080000000000000000BBAA0085083E197BBD5F51D5BDBBAA0087080000000000000000BBAA009708FFFFC74200000000BB
03-16-2026 20:28:09.997,825,RECV,AA0551056300000001BBAA0083080000000000000000BBAA0064050000000001BBAA0083080000000000000000BB
03-16-2026 20:28:09.997,826,RECV,AA0083080000000000000000BBAA0551056300000001BB
03-16-2026 20:28:09.997,827,RECV,AA0083080000000000000000BBAA0064050000000001BBAA0081080000000000000000BBAA0083080000000000000000BBAA0085087F2681BDFFF5D1BDBBAA0087080000000000000000BBAA009708FFFFC74200000000BB
03-16-2026 20:28:09.997,828,RECV,AA0551056300000001BBAA0083080000000000000000BBAA0064050000000001BBAA0083080000000000000000BB
03-16-2026 20:28:09.997,829,RECV,AA0083080000000000000000BBAA0551056300000001BB
03-16-2026 20:28:09.997,830,RECV,AA0083080000000000000000BBAA0064050000000001BBAA00800803400000ED05CC00BBAA00820883CF534100000000BBAA0084080000000000000000BBAA0086080000000000000000BBAA0088080083B83C63
03-16-2026 20:28:09.997,831,RECV,D36F41BBAA008B0840089C40E8E9B641BBAA008D08F305B74400000000BBAA009708FFFFC74200000000BBAA0551056300000001BBAA0083080000000000000000BBAA0064050000000001BBAA0083080000000000000000BB
03-16-2026 20:28:09.997,832,RECV,AA0083080000000000000000BB
03-16-2026 20:28:09.997,833,RECV,AA0551056300000001BBAA0083080000000000000000BBAA0064050000000001BB
03-16-2026 20:28:09.997,834,RECV,AA0081080000000000000000BBAA0083080000000000000000BBAA008508FF8E77BD1F62CDBDBBAA0087080000000000000000BBAA009708FFFFC74200000000BBAA0551056300000001BBAA0083080000000000000000BB
03-16-2026 20:28:09.997,835,RECV,AA0064050000000001BBAA0083080000000000000000BBAA0083080000000000000000BB
03-16-2026 20:28:09.997,836,RECV,AA0551056300000001BBAA0083080000000000000000BBAA0064050000000001BB
03-16-2026 20:28:09.997,837,RECV,AA0081080000000000000000BBAA0083080000000000000000BBAA008508BEC27EBD5F0ACCBDBBAA0087080000000000000000BBAA009708FFFFC74200000000BBAA0551056300000001BBAA0083080000000000000000BB
03-16-2026 20:28:09.997,838,RECV,AA0064050000000001BBAA0083080000000000000000BBAA0083080000000000000000BB
03-16-2026 20:28:09.997,839,RECV,AA0551056300000001BBAA0083080000000000000000BBAA0064050000000001BB
03-16-2026 20:28:10.043,840,RECV,AA0081080000000000000000BBAA0083080000000000000000BBAA008508FFFF79BD5FF2CFBDBBAA0087080000000000000000BBAA009708FFFFC74200000000BBAA055105000000000000
03-16-2026 20:28:11.054,841,RECV,AA0064050000000001BBAA0083080000000000000000BB
03-16-2026 20:28:11.068,842,RECV,AA0083080000000000000000BBAA0551056300000001BBAA0083080000000000000000BBAA0064050000000001BB
03-16-2026 20:28:11.068,843,RECV,AA0081080000000000000000BBAA0083080000000000000000BBAA0085081FB980BD5F75CFBDBBAA0087080000000000000000BBAA009708FFFFC74200000000BB
03-16-2026 20:28:11.068,844,RECV,AA0083080000000000000000BBAA0064050000000001BBAA0083080000000000000000BB
03-16-2026 20:28:11.068,845,RECV,AA0083080000000000000000BBAA0551056300000001BB
03-16-2026 20:28:11.068,846,RECV,AA0083080000000000000000BBAA0064050000000001BB
03-16-2026 20:28:11.070,847,RECV,AA00800803400000ED05CC00BBAA00820860C0534100000000BBAA0084080000000000000000BBAA0086080000000000000000BBAA0088084070B83C1ED16F41BBAA008B0840089C40E8E9B641BBAA008D08F305B74400000000BBAA009708FFFFC74200000000BBAA0083080000000000000000BBAA0551056300000001BBAA0064050000000001BBAA0083080000000000000000BB
03-16-2026 20:28:11.070,848,RECV,AA0083080000000000000000BBAA0551056300000001BB
03-16-2026 20:28:11.070,849,RECV,AA0083080000000000000000BBAA0064050000000001BBAA0081080000000000000000BBAA0083080000000000000000BBAA008508BE5D7ABD5F93CABDBBAA0087080000000000000000BB
03-16-2026 20:28:11.070,850,RECV,AA009708FFFFC74200000000BBAA0083080000000000000000BBAA0551056300000001BBAA0064050000000001BB
03-16-2026 20:28:11.070,851,RECV,AA0083080000000000000000BBAA0083080000000000000000BB
03-16-2026 20:28:11.070,852,RECV,AA0551056300000001BBAA0083080000000000000000BBAA0064050000000001BB
03-16-2026 20:28:11.070,853,RECV,AA0081080000000000000000BBAA0083080000000000000000BBAA0085083F7883BD1F38D4BDBBAA0087080000000000000000BBAA009708FFFFC74200000000BBAA0083080000000000000000BBAA0551056300000001BB
03-16-2026 20:28:11.070,854,RECV,AA0064050000000001BBAA0083080000000000000000BBAA0083080000000000000000BB
03-16-2026 20:28:11.070,855,RECV,AA0551056300000001BBAA0083080000000000000000BBAA0064050000000001BB
03-16-2026 20:28:11.070,856,RECV,AA0081080000000000000000BBAA0083080000000000000000BBAA0085081FB980BD1FF1CABDBBAA0087080000000000000000BBAA009708FFFFC74200000000BBAA0083080000000000000000BBAA0551056300000001BB
03-16-2026 20:28:11.118,857,RECV,AA0064050000000001BBAA0083080000000000000000BBAA0083080000000000000000BB
03-16-2026 20:28:12.090,858,RECV,AA0551056300000001BBAA0083080000000000000000BBAA0064050000000001BB
03-16-2026 20:28:12.098,859,RECV,AA0081080000000000000000BBAA0083080000000000000000BBAA008508BFE678BD5FECD0BDBBAA0087080000000000000000BBAA009708FFFFC74200000000BBAA0083080000000000000000BB
03-16-2026 20:28:12.098,860,RECV,AA0551056300000001BBAA0064050000000001BBAA0083080000000000000000BB
03-16-2026 20:28:12.098,861,RECV,AA0083080000000000000000BBAA0551056300000001BBAA0083080000000000000000BBAA0064050000000001BB
03-16-2026 20:28:12.098,862,RECV,AA00800803400000ED05CC2FBBAA008208C2D4534100000000BBAA0084080000000000000000BBAA0086080000000000000000BBAA008808A087B93CABD16F41BBAA008B0840089C40E8E9B641BBAA008D08F305B74400000000BBAA009708FFFFC74200000000BB
03-16-2026 20:28:12.098,863,RECV,AA0083080000000000000000BBAA0551056300000001BBAA0064050000000001BBAA0083080000000000000000BB
03-16-2026 20:28:12.098,864,RECV,AA0083080000000000000000BBAA0551056300000001BBAA0083080000000001BB0000BB
03-16-2026 20:28:12.098,865,RECV,AA0081080000000000000000BBAA0083080000000000000000BBAA0085083F6686BD5F6FD0BDBBAA0087080000000000000000BBAA009708FFFFC74200000000BB
03-16-2026 20:28:12.098,866,RECV,AA0083080000000000000000BBAA0551056300000001BBAA0064050000000001BBAA0083080000000000000000BB
03-16-2026 20:28:12.098,867,RECV,AA0083080000000000000000BBAA0551056300000001BB
03-16-2026 20:28:12.098,868,RECV,AA006405000000000000AA0081080000000000000000BBAA0083080000000000000000BBAA008508FF8279BD1FCDD0BDBBAA0086080000000000000000BBAA009708FFFFC74200000000BB
03-16-2026 20:28:12.098,869,RECV,AA0083080000000000000000BBAA0551056300000001BBAA0064050000000001BBAA0083080000000000000000BB
03-16-2026 20:28:12.098,870,RECV,AA0083080000000000000000BBAA0551056300000001BB
03-16-2026 20:28:12.098,871,RECV,AA0064050000000001BBAA0083080000000000000000BB
03-16-2026 20:28:12.098,872,RECV,AA0081080000000000000000BBAA0083080000000000000000BBAA008508BE4B7DBDDFB3CFBDBBAA0087080000000000000000BBAA009708FFFFC74200000000BBAA0083080000000000000000BBAA0551056300000001BBAA0064050000000001BB
03-16-2026 20:28:12.136,873,RECV,AA0083080000000000000000BBAA0083080000000000000000BB
03-16-2026 20:28:12.199,874,RECV,AA0551056300000001BBAA0064050000000001BBAA0083080000000000000000BB
03-16-2026 20:28:13.176,875,RECV,AA0081080000000000000000BBAA0083080000000000000000BBAA0085083E9C7ABDDFA1D2BDBBAA0087080000000000000000BBAA009708FFFFC74200000000BBAA0083080000000000000000BBAA0551056300000001BBAA0064050000000001BB
03-16-2026 20:28:13.182,876,RECV,AA0083080000000000000000BBAA0083080000000000000000BB
03-16-2026 20:28:13.182,877,RECV,AA0551056300000001BBAA0064050000000001BBAA0083080000000000000000BB
03-16-2026 20:28:13.182,878,RECV,AA00800803400000ED05CC00BBAA008208BEF4534100000000BBAA0084080000000000000000BBAA0086080000000000000000BBAA0088082033BB3C88D36F41BBAA008B0840089C40E8E9B641BBAA008D08F305B74400000000BBAA009708FFFFC74200000000BBAA0083080000000000000000BBAA0551056300000001BB
03-16-2026 20:28:13.182,879,RECV,AA0064050000000001BBAA0083080000000000000000BB
03-16-2026 20:28:13.182,880,RECV,AA0083080000000000000000BBAA0551056300000001BBAA0064050000000001BBAA0083080000000000000000BB
03-16-2026 20:28:13.182,881,RECV,AA0081080000000000000000BBAA0083080000000000000000BBAA0085089F7481BD7F46CFBDBBAA0087080000000000000000BBAA009708FFFFC74200000000BBAA0083080000000000000000BB
03-16-2026 20:28:13.182,882,RECV,AA0551056300000001BBAA0064050000000001BBAA0083080000000000000000BB
03-16-2026 20:28:13.184,883,RECV,AA0083080000000000000000BBAA0551056300000001BBAA0064050000000001BBAA0083080000000000000000BB
03-16-2026 20:28:13.184,884,RECV,AA0081080000000000000000BBAA0083080000000000000000BBAA0085081F3082BD1F5CCEBDBBAA0087080000000000000000BBAA009708FFFFC74200000000BBAA0083080000000000000000BB
03-16-2026 20:28:13.184,885,RECV,AA0551056300000001BBAA0064050000000001BBAA0083080000000000000000BB
03-16-2026 20:28:13.184,886,RECV,AA0083080000000000000000BBAA0551056300000001BBAA0083080000000000000000BB
03-16-2026 20:28:13.184,887,RECV,AA0081080000000000000000BBAA0083080000000000000000BBAA0085087EBB7ABDDF30D0BDBBAA0087080000000000000000BBAA009708FFFFC74200000000BB
03-16-2026 20:28:13.184,888,RECV,AA0083080000000000000000BBAA0064050000000001BBAA0083080000000000
03-16-2026 20:28:13.184,889,RECV,000000BBAA0083080000000000000000BB
03-16-2026 20:28:13.212,890,RECV,AA0064050000000001BBAA0551056300000001BBAA0083080000000000000000BBAA0081080000000000000000BBAA0083080000000000000000BBAA0085083FA279BD3F27CFBDBBAA008708000000000000
03-16-2026 20:28:13.275,891,RECV,0000BBAA009708FFFFC74200000000BBAA0083080000000000000000BBAA0064050000000001BBAA0551056300000001BB
03-16-2026 20:28:14.191,892,RECV,AA0083080000000000000000BBAA0083080000000000000000BB
03-16-2026 20:28:14.191,893,RECV,AA0064050000000001BBAA0551056300000001BBAA0083080000000000000000BB
03-16-2026 20:28:14.191,894,RECV,AA00800803400000ED05CC2FBBAA008208ACDD534100000000BBAA0084080000000000000000BBAA0086080000000000000000BBAA008808208FB93C34D46F41BBAA008B0840089C40E8E9B641BBAA008D08F305B74400000000BBAA009708FFFFC74200000000BBAA0083080000000000000000BBAA0064050000000001BBAA0551056300000001BB
03-16-2026 20:28:14.191,895,RECV,AA0083080000000000000000BBAA0083080000000000000000BB
03-16-2026 20:28:14.191,896,RECV,AA0064050000000001BBAA0551056300000001BBAA0083080000000000000000BB
03-16-2026 20:28:14.191,897,RECV,AA0081080000000000000000BBAA0083080000000000000000BBAA008508FFFF79BD9F23CDBDBBAA0087080000000000000000BBAA009708FFFFC74200000000BBAA0083080000000000000000BBAA0064050000000001BBAA0551056300000001BB
03-16-2026 20:28:14.191,898,RECV,AA0083080000000000000000BBAA0083080000000000000000BB
03-16-2026 20:28:14.196,899,RECV,AA0064050000000001BBAA0551056300000001BBAA0083080000000000000000BB
03-16-2026 20:28:14.196,900,RECV,AA0081080000000000000000BBAA0083080000000000000000BBAA0085083E1F7ABDBF7DCBBDBBAA0087080000000000000000BBAA009708FFFFC74200000000BBAA0083080000000000000000BB
03-16-2026 20:28:14.196,901,RECV,AA0064050000000001BBAA0551056300000001BBAA0083080000000000000000BB
03-16-2026 20:28:14.196,902,RECV,AA0083080000000000000000BBAA0064050000000001BBAA0551056300000001BBAA0083080000000000000000BB
03-16-2026 20:28:14.196,903,RECV,AA0081080000000000000000BBAA0083080000000000000000BBAA0085083E7E7FBD1FE5CCBDBBAA0087080000000000000000BBAA009708FFFFC74200000000BBAA0083080000000000000000BB
03-16-2026 20:28:14.196,904,RECV,AA0064050000000001BBAA0551056300000001BBAA0083080000000000000000BB
03-16-2026 20:28:14.196,905,RECV,AA0083080000000000000000BBAA0064050000000001BBAA0551056300000001BBAA0083080000000000000000BB
03-16-2026 20:28:14.228,906,RECV,AA0081080000000000000000BBAA0083080000000000000000BBAA008508FEE77DBDBFEECDBDBBAA0087080000000000000000BBAA009708FFFFC74200000000BB
03-16-2026 20:28:15.247,907,RECV,AA0083080000000000000000BBAA0064050000000001BBAA0551056300000001BBAA0083080000000000000000BB
03-16-2026 20:28:16.330,908,RECV,AA0083080000000000000000BBAA0064050000000001BB
03-16-2026 20:28:16.330,909,RECV,AA0551056300000001BBAA0083080000000000000000BB
03-16-2026 20:28:16.330,910,RECV,AA0080080340000000000000BBAA00820831CD534100000000BBAA0084080000000000000000BBAA0086080000000000000000BBAA008808807BB83C03D46F41BBAA008B0840089C40E8E9B641BBAA008D08F305B74400000000BBAA009708FFFFC74200000000BBAA0083080000000000000000BBAA0064050000000001BBAA0551056300000001BBAA0083080000000000000000BB
03-16-2026 20:28:16.330,911,RECV,AA0083080000000000000000BBAA00640500
03-16-2026 20:28:16.330,912,RECV,00000001BBAA0083080000000000000000BBAA0081080000000000000000BBAA0083080000000000000000BBAA0085085FD880BD5F81CDBDBBAA00870800
03-16-2026 20:28:16.330,913,RECV,00000000000000BBAA009708FFFFC74200000000BBAA0083080000000000000000BBAA0064050000000001BBAA0551056300000001BB
03-16-2026 20:28:16.330,914,RECV,AA0083080000000000000000BBAA0083080000000000000000BB
03-16-2026 20:28:16.330,915,RECV,AA0064050000000001BBAA0083080000000000000000BB
03-16-2026 20:28:16.330,916,RECV,AA0081080000000000000000BBAA0083080000000000000000BBAA0085083F2579BD7FC3CFBDBBAA0087080000000000000000BBAA009708FFFFC74200000000BBAA0083080000000000000000BBAA0064050000000001BB
03-16-2026 20:28:16.330,917,RECV,AA0551056300000001BBAA0083080000000000000000BBAA0083080000000000000000BB
03-16-2026 20:28:16.330,918,RECV,AA0064050000000001BBAA0083080000000000000000BBAA0551056300000001BB
03-16-2026 20:28:16.330,919,RECV,AA0081080000000000000000BBAA0083080000000000000000BBAA0085083F0D80BD7FA5D4BDBBAA0087080000000000000000BBAA009708FFFFC74200000000BBAA0083080000000000000000BBAA0064050000000001BB
03-16-2026 20:28:16.330,920,RECV,AA0551056300000001BBAA0083080000000000000000BBAA0083080000000000000000BB
03-16-2026 20:28:16.330,921,RECV,AA0064050000000001BBAA0083080000000000000000BBAA0551056300000001BB
03-16-2026 20:28:16.330,922,RECV,AA0081080000000000000000BBAA0083080000000000000000BBAA008508BFE079BD5F87CCBDBBAA0087080000000000000000BBAA009708FFFFC74200000000BBAA0083080000000000000000BBAA006405
03-16-2026 20:28:16.330,923,RECV,0000000001BBAA0551056300000001BBAA0083080000000000000000BB
03-16-2026 20:28:16.340,924,RECV,AA0083080000000000000000BBAA0064050000000001BBAA0083080000000000000000BBAA0551056300000001BB
03-16-2026 20:28:16.340,925,RECV,AA00800803400000ED050000BBAA008208A9ED534100000000BBAA0084080000000000000000BBAA0086080000000000000000BBAA008808A0A6B83C6CD56F41BBAA008B0840089C40E8E9B641BBAA008D08F305B74400000000BBAA009708FFFFC74200000000BB
03-16-2026 20:28:16.340,926,RECV,AA0083080000000000000000BBAA0064050000000001BBAA0551056300000001BBAA0083080000000000000000BB
03-16-2026 20:28:16.340,927,RECV,AA0083080000000000000000BBAA0064050000000001BBAA0083080000000000000000BB
03-16-2026 20:28:16.340,928,RECV,AA0551056300000001BBAA0081080000000000000000BBAA0083080000000000000000BBAA0085083F3177BDBFFACBBDBBAA0087080000000000000000BBAA009708FFFFC74200000000BB
03-16-2026 20:28:16.341,929,RECV,AA0083080000000000000000BBAA0551056300000001BBAA0083080000000000000000BB
03-16-2026 20:28:16.341,930,RECV,AA0083080000000000000000BBAA0064050000000001BB
03-16-2026 20:28:16.341,931,RECV,AA0083080000000000000000BBAA0551056300000001BB
03-16-2026 20:28:16.341,932,RECV,AA0081080000000000000000BBAA0083080000000000000000BBAA0085087EA97DBD5F87CCBDBBAA0087080000000000000000BBAA009708FFFFC74200000000BBAA006405000000000000AA0551056300000001BB
03-16-2026 20:28:16.341,933,RECV,AA0083080000000000000000BBAA0083080000000000000000BBAA0064050000000001BB
03-16-2026 20:28:16.341,934,RECV,AA0083080000000000000000BBAA0551056300000001BB
03-16-2026 20:28:16.341,935,RECV,AA0081080000000000000000BBAA0083080000000000000000BBAA0085087FCD77BD3FBCCBBDBBAA0087080000000000000000BBAA009708FFFFC74200000000BBAA0064050000000001BBAA0083080000000000000000BB
03-16-2026 20:28:16.341,936,RECV,AA0551056300000001BBAA0083080000000000000000BBAA0083080000000000000000BB
03-16-2026 20:28:16.341,937,RECV,AA0064050000000001BBAA0083080000000000000000BBAA0551056300000001BB
03-16-2026 20:28:16.341,938,RECV,AA0081080000000000000000BBAA0083080000000000000000BBAA008508FE5E7FBD9F17CFBDBBAA0087080000000000000000BBAA009708FFFFC74200000000BBAA0064050000000001BBAA0083080000000000000000BB
03-16-2026 20:28:16.341,939,RECV,AA0551056300000001BBAA0083080000000000000000BBAA0083080000000000000000BB
03-16-2026 20:28:16.377,940,RECV,AA0064050000000001BBAA0083080000000000000000BBAA0551056300000001BB
03-16-2026 20:28:17.342,941,RECV,AA00800803400000ED05CC00BBAA0082088CDD534100000000BBAA0084080000000000000000BBAA0086080000000000000000BBAA008808C0EEB93CEED36F41BBAA008B0840089C4088FEB641BBAA008D08F305B74400000000BBAA009708FFFFC74200000000BBAA0064050000000001BBAA0083080000000000000000BB
03-16-2026 20:28:17.342,942,RECV,AA0551056300000001BBAA0083080000000000000000BB
03-16-2026 20:28:17.342,943,RECV,AA0083080000000000000000BBAA0064050000000001BBAA0083080000000000000000BB
03-16-2026 20:28:17.342,944,RECV,AA0551056300000001BBAA0081080000000000000000BBAA0083080000000000000000BBAA008508BE517CBD5F7BCEBDBBAA0087080000000000000000BBAA009708FFFFC74200000000BB
03-16-2026 20:28:17.342,945,RECV,AA0064050000000001BBAA0083080000000000000000BBAA0551056300000001BBAA0083080000000000000000BB
03-16-2026 20:28:17.342,946,RECV,AA0083080000000000000000BBAA0064050000000001BB
03-16-2026 20:28:17.342,947,RECV,AA0083080000000000000000BBAA0551056300000001BBAA0081080000000000000000BBAA0083080000000000000000BBAA008508BEC27EBD1F56CFBDBBAA0087080000000000000000BBAA009708FFFFC74200000000BB
03-16-2026 20:28:17.342,948,RECV,AA0064050000000001BBAA0083080000000000000000BBAA0551056300000001BBAA0083080000000000000000BB
03-16-2026 20:28:17.342,949,RECV,AA0083080000000000000000BBAA0064050000000001BB
03-16-2026 20:28:17.342,950,RECV,AA0083080000000000000000BBAA0551056300000001BB
03-16-2026 20:28:17.342,951,RECV,AA0081080000000000000000BBAA0083080000000000000000BBAA0085087F5676BD3F39CCBDBBAA0087080000000000000000BBAA009708FFFFC74200000000BBAA0064050000000001BBAA0083080000000000000000BBAA0551056300000001BB
03-16-2026 20:28:17.342,952,RECV,AA0083080000000000000000BBAA0083080000000000000000BBAA0064050000000001BB
03-16-2026 20:28:17.342,953,RECV,AA0083080000000000000000BBAA0551056300000001BB
03-16-2026 20:28:17.342,954,RECV,AA0081080000000000000000BBAA0083080000000000000000BBAA0085085FD281BDBF7DCBBDBBAA0087080000000000000000BBAA009708FFFFC74200000000BBAA0064050000000001BBAA0083080000000000000000BB
03-16-2026 20:28:17.342,955,RECV,AA0551056300000001BBAA0083080000000000000000BBAA0083080000000000000000BB
03-16-2026 20:28:17.389,956,RECV,AA0064050000000001BBAA0083080000000000000000BBAA0551056300000001BB
03-16-2026 20:28:18.414,957,RECV,AA00800803400000ED05CC00BBAA008208B9E0534100000000BBAA0084080000000000000000BBAA0086080000000000000000BBAA00880860F5B83C59D36F41BBAA008B0840089C4088FEB641BBAA008D08F305B74400000000BBAA009708FFFFC74200000000BBAA0064050000000001BBAA0083080000000000000000BB
03-16-2026 20:28:18.414,958,RECV,AA0551056300000001BBAA0083080000000000000000BB
03-16-2026 20:28:18.414,959,RECV,AA0083080000000000000000BBAA0064050000000001BBAA0083080000000000000000BBAA0551056300000001BB
03-16-2026 20:28:18.414,960,RECV,AA0081080000000000000000BBAA0083080000000000000000BBAA008508BF4B80BD5FCED5BDBBAA0087080000000000000000BBAA009708FFFFC74200000000BBAA0064050000000001BBAA
03-16-2026 20:28:18.414,961,RECV,0083080000000000000000BBAA0551056300000001BBAA0083080000000000000000BB
03-16-2026 20:28:18.414,962,RECV,AA0083080000000000000000BBAA0064050000000001BBAA0083080000000000000000BB
03-16-2026 20:28:18.414,963,RECV,AA0551056300000001BBAA0081080000000000000000BBAA0083080000000000000000BBAA0085087E9D7FBD3F98D1BDBBAA0087080000000000000000BBAA009708FFFFC74200000000BBAA0064050000000001BBAA0083080000000000000000BB
03-16-2026 20:28:18.414,964,RECV,AA0551056300000001BBAA0083080000000000000000BB
03-16-2026 20:28:18.414,965,RECV,AA0083080000000000000000BBAA0064050000000001BB
03-16-2026 20:28:18.414,966,RECV,AA0083080000000000000000BBAA0551056300000001BBAA0081080000000000000000BBAA0083080000000000000000BBAA0085087E207FBD7FD5CCBDBBAA0087080000000000000000BBAA009708FFFFC74200000000BB
03-16-2026 20:28:18.414,967,RECV,AA0064050000000001BBAA0083080000000000000000BBAA0551056300000001BBAA0083080000000000000000BB
03-16-2026 20:28:18.414,968,RECV,AA0083080000000000000000BBAA0064050000000001BB
03-16-2026 20:28:18.414,969,RECV,AA0083080000000000000000BBAA0551056300000001BB
03-16-2026 20:28:18.414,970,RECV,AA0081080000000000000000BBAA0083080000000000000000BBAA008508BEBC7FBDFF0DCEBDBBAA0087080000000000000000BBAA009708FFFFC74200000000BBAA0064050000000001BBAA0083080000000000000000BB
03-16-2026 20:28:18.414,971,RECV,AA0551056300000001BBAA0083080000000000000000BBAA0083080000000000000000BBAA0064050000000001BB
03-16-2026 20:28:18.414,972,RECV,AA0083080000000000000000BBAA0551056300000001BB
03-16-2026 20:28:18.462,973,RECV,AA00800803400000ED05CC00BBAA0082081CF5534100000000BBAA0084080000000000000000BBAA0086080000000000000000BBAA0088082053B93CA2D36F41BBAA008B0840089C4088FEB641BBAA008D08F305B74400000000BBAA009708FFFFC74200000000BBAA0064050000000001BBAA0083080000000000000000BB
03-16-2026 20:28:19.457,974,RECV,AA0551056300000001BBAA0083080000000000000000BBAA0083080000000000000000BBAA0064050000000001BB
03-16-2026 20:28:19.457,975,RECV,AA0083080000000000000000BBAA0551056300000001BB
03-16-2026 20:28:19.457,976,RECV,AA0081080000000000000000BBAA0083080000000000000000BBAA0085085F3786BDFFE3D4BDBBAA0087080000000000000000BBAA009708FFFFC74200000000BBAA0064050000000001BBAA0083080000000000000000BB
03-16-2026 20:28:19.457,977,RECV,AA0551056300000001BBAA0083080000000000000000BBAA0083080000000000000000BB
03-16-2026 20:28:19.457,978,RECV,AA0064050000000001BBAA0083080000000000000000BBAA0551056300000001BB
03-16-2026 20:28:19.457,979,RECV,AA0081080000000000000000BBAA0083080000000000000000BBAA0085087EA37EBD1F68CCBDBBAA0087080000000000000000BBAA009708FFFFC74200000000BBAA0064050000000001BBAA0083080000000000000000BB
03-16-2026 20:28:19.457,980,RECV,AA055105000000000000
03-16-2026 20:28:19.457,981,RECV,AA0083080000000000000000BBAA0064050000000001BBAA0083080000000000000000BB
03-16-2026 20:28:19.457,982,RECV,AA0551056300000001BBAA0081080000000000000000BBAA0083080000000000000000BBAA008508DFFE84BD5F69D1BDBBAA0087080000000000000000BBAA009708FFFFC74200000000BBAA0064050000000001BB
03-16-2026 20:28:19.457,983,RECV,AA0083080000000000000000BBAA0083080000000000000000BB
03-16-2026 20:28:19.457,984,RECV,AA0083080000000000000000BBAA0064050000000001BB
03-16-2026 20:28:19.457,985,RECV,AA0083080000000000000000BBAA0551056300000001BBAA0081080000000000000000BBAA0083080000000000000000BBAA008508BF4B80BDBFDCD0BDBBAA0087080000000000000000BBAA009708FFFFC74200000000BBAA0064050000000001BB
03-16-2026 20:28:19.457,986,RECV,AA0083080000000000000000BBAA0083080000000000000000BBAA0551056300000001BB
03-16-2026 20:28:19.457,987,RECV,AA0083080000000000000000BBAA0064050000000001BB
03-16-2026 20:28:19.457,988,RECV,AA0083080000000000000000BBAA0551056300000001BBAA00800803400000ED000000BBAA0082082DD8534100000000BBAA0084080000000000000000BBAA0086080000000000000000BBAA008808C095
03-16-2026 20:28:19.473,989,RECV,B83C16DB6F41BBAA008B0840089C40E8E9B641BBAA008D08F305B74400000000BBAA009708FFFFC74200000000BBAA0064050000000001BBAA0083080000000000000000BBAA00830800000000
03-16-2026 20:28:19.535,990,RECV,00000000BBAA0551056300000001BBAA0083080000000000000000BBAA0064050000000001BB
03-16-2026 20:28:20.523,991,RECV,AA0083080000000000000000BBAA0551056300000001BB
03-16-2026 20:28:20.526,992,RECV,AA0081080000000000000000BBAA0083080000000000000000BBAA0085087E327CBD7FABD3BDBBAA0087080000000000000000BBAA009708FFFFC74200000000BBAA0064050000000001BBAA0083080000000000000000BB
03-16-2026 20:28:20.526,993,RECV,AA0083080000000000000000BBAA0551056300000001BBAA0083080000000000000000BB
03-16-2026 20:28:20.526,994,RECV,AA0083080000000000000000BBAA0551056300000001BB
03-16-2026 20:28:20.526,995,RECV,AA0081080000000000000000BBAA0083080000000000000000BBAA008508BF4581BD7FDBCBBDBBAA0087080000000000000000BBAA009708FFFFC74200000000BBAA0064050000000001BBAA0083080000000000000000BB
03-16-2026 20:28:20.526,996,RECV,AA0083080000000000000000BBAA0551056300000001BBAA0083080000000001BB0000BB
03-16-2026 20:28:20.526,997,RECV,AA0083080000000000000000BBAA0551056300000001BB
03-16-2026 20:28:20.526,998,RECV,AA0081080000000000000000BBAA0083080000000000000000BBAA0085083E077EBD9F23CDBDBBAA0087080000000000000000BBAA009708FFFFC74200000000BBAA0064050000000001BBAA0083080000000000000000BB
03-16-2026 20:28:20.526,999,RECV,AA0083080000000000000000BBAA0551056300000001BB
03-16-2026 20:28:20.526,1000,RECV,AA0064050000000001BBAA0083080000000000000000BB
03-16-2026 20:28:20.529,1001,RECV,AA0551056300000001BBAA0081080000000000000000BBAA0083080000000000000000BBAA0085083F3177BD1FE5CCBDBBAA0087080000000000000000BBAA009708FFFFC74200000000BBAA0064050000000001BB
03-16-2026 20:28:20.529,1002,RECV,AA0083080000000000000000BBAA0083080000000000000000BBAA0551056300000001BB
03-16-2026 20:28:20.529,1003,RECV,AA0064050000000001BBAA0083080000000000000000BB
03-16-2026 20:28:20.529,1004,RECV,AA0083080000000000000000BBAA0551056300000001BBAA00800803400000ED050000BBAA008208E5C9534100000000BBAA0084080000000000000000BBAA0086080000000000000000BB
03-16-2026 20:28:20.529,1005,RECV,AA00880800A1B83CB5D76F41BBAA008B0840089C4088FEB641BBAA008D08F305B74400000000BBAA009708FFFFC74200000000BBAA0064050000000001BBAA0083080000000000000000BBAA0083080000000000000000BBAA0551056300000001
03-16-2026 20:28:20.546,1006,RECV,BBAA0064050000000001BBAA0083080000000000000000BB
03-16-2026 20:28:20.610,1007,RECV,AA0083080000000000000000BBAA0551056300000001BB
03-16-2026 20:28:21.607,1008,RECV,AA0081080000000000000000BBAA008208BBEA534100000000BBAA0084080000000000000000BBAA0086080000000000000000BBAA009708FFFFC74200000000BBAA0064050000000001BBAA0083080000000000000000BB
03-16-2026 20:28:21.607,1009,RECV,AA0083080000000000000000BBAA0551056300000001BBAA0064050000000001BBAA0083080000000000000000BB
03-16-2026 20:28:21.607,1010,RECV,AA0083080000000000000000BBAA0551056300000001BB
03-16-2026 20:28:21.607,1011,RECV,AA0081080000000000000000BBAA0083080000000000000000BBAA0085085FC084BD7FE1CABDBBAA0087080000000000000000BBAA009708FFFFC74200000000BBAA0064050000000001BBAA0083080000000000000000BB
03-16-2026 20:28:21.607,1012,RECV,AA0083080000000000000000BBAA0551056300000001BBAA0064050000000001BBAA0083080000000000000000BB
03-16-2026 20:28:21.607,1013,RECV,AA0083080000000000000000BB
03-16-2026 20:28:21.607,1014,RECV,AA0551056300000001BBAA0081080000000000000000BBAA0083080000000000000000BBAA008508FEDB7FBD3FB00000BBAA0087080000000000000000BBAA009708FFFFC74200000000BBAA0064050000000001BBAA0083080000000000000000BB
03-16-2026 20:28:21.607,1015,RECV,AA0083080000000000000000BBAA0551056300000001BBAA0064050000000001BBAA0083080000000000000000BB
03-16-2026 20:28:21.607,1016,RECV,AA0083080000000000000000BB
03-16-2026 20:28:21.607,1017,RECV,AA0551056300000001BBAA0081080000000000000000BBAA0083080000000000000000BBAA008408000000000000CEBDBBAA0086080000000000000000BBAA009708FFFFC74200000000BBAA0064050000000001BBAA0083080000000000000000BB
03-16-2026 20:28:21.607,1018,RECV,AA0083080000000000000000BBAA0551056300000001BB
03-16-2026 20:28:21.607,1019,RECV,AA0064050000000001BBAA0083080000000000000000BBAA0083080000000000000000BB
03-16-2026 20:28:21.607,1020,RECV,AA0551056300000001BBAA00800803400000ED05CC2FBBAA0082082503544100000000BBAA0084080000000000000000BBAA0086080000000000000000BBAA00880880F2B93C76DB6F41BBAA008B0840089C4088FEB641BBAA008C081C25C14100000000BBAA008E083B98153D00000000BBAA0064050000000001BB
03-16-2026 20:28:21.607,1021,RECV,AA0083080000000000000000BBAA0083080000000000000000BBAA0551056300000001BB
03-16-2026 20:28:21.607,1022,RECV,AA0064050000000001BBAA0083080000000000000000BBAA0083080000000000000000BB
03-16-2026 20:28:21.623,1023,RECV,AA0551056300000001BBAA0081080000000000000000BBAA0083080000000000000000BBAA008508BEC87DBD3F39CCBDBBAA0087080000000000000000BBAA009708FFFFC74200000000BBAA0064050000000001BB
03-16-2026 20:28:21.686,1024,RECV,AA0083080000000000000000BBAA0083080000000000000000BB
03-16-2026 20:28:22.729,1025,RECV,AA0551056300000001BBAA0064050000000001BBAA0083080000000000000000BB
03-16-2026 20:28:22.729,1026,RECV,AA0083080000000000000000BBAA0551056300000001BB
03-16-2026 20:28:22.729,1027,RECV,AA0081080000000000000000BBAA0083080000000000000000BBAA008508FEED7CBD5F690000BBAA0087080000000000000000BBAA009708FFFFC70001BB0000BBAA0083080000000000000000BB
03-16-2026 20:28:22.729,1028,RECV,AA0083080000000000000000BBAA0551056300000001BBAA0064050000000001BBAA0083080000000000000000BB
03-16-2026 20:28:22.729,1029,RECV,AA0083080000000000000000BB
03-16-2026 20:28:22.729,1030,RECV,AA0551056300000001BBAA0081080000000000000000BBAA008208CFEC534100000000BBAA0084080000000000000000BBAA0086080000000000000000BBAA006405000000420000AA0083080000000000000000BB
03-16-2026 20:28:22.729,1031,RECV,AA0083080000000000000000BBAA0551056300000001BBAA0064050000000001BBAA0083080000000000000000BB
03-16-2026 20:28:22.729,1032,RECV,AA0083080000000000000000BB
03-16-2026 20:28:22.729,1033,RECV,AA0551056300000001BBAA0081080000000000000000BBAA0083080000000000000000BBAA0085087E327CBD1F74CABDBBAA0087080000000000000000BBAA0064050000000001BBAA009708FFFFC74200000000BBAA0083080000000000000000BB
03-16-2026 20:28:22.729,1034,RECV,AA0083080000000000000000BBAA0551056300000001BBAA0064050000000001BBAA0083080000000000000000BB
03-16-2026 20:28:22.729,1035,RECV,AA0083080000000000000000BB
03-16-2026 20:28:22.729,1036,RECV,AA00800803400000ED05CC2FBBAA0082086CF2534100000000BBAA0084080000000000000000BBAA0086080000000000000000BBAA008808000AB93C5BD76F41BBAA008B0840089C4088FEB641BBAA006405000000440000AA008E083B98153D00000000BBAA0083080000000000000000BB
03-16-2026 20:28:22.740,1037,RECV,AA0083080000000000000000BBAA0551056300000001BBAA0064050000000001BB
03-16-2026 20:28:22.740,1038,RECV,AA0083080000000000000000BBAA0083080000000000000000BB
03-16-2026 20:28:22.740,1039,RECV,AA0081080000000000000000BBAA0083080000000000000000BBAA008508BECE7CBD3F33CDBDBBAA0087080000000000000000BBAA0064050000000001BBAA009708FFFFC74200000000BB
03-16-2026 20:28:22.740,1040,RECV,AA0083080000000000000000BBAA0083080000000000000000BBAA0551
03-16-2026 20:28:22.761,1041,RECV,056300000001BBAA0064050000000001BBAA0083080000000000000000BBAA0083080000000000000000BB
03-16-2026 20:28:22.824,1042,RECV,AA0081080000000000000000BBAA0083080000000000000000BBAA0085085F3786BD9F2FCBBDBBAA0087080000000000000000BBAA0064050000000001BBAA009708FFFFC74200000000BB
03-16-2026 20:28:23.812,1043,RECV,AA0083080000000000000000BBAA0083080000000000000000BB
03-16-2026 20:28:23.816,1044,RECV,AA0551056300000001BBAA0064050000000001BBAA0083080000000000000000BB
03-16-2026 20:28:23.816,1045,RECV,AA0083080000000000000000BB
03-16-2026 20:28:23.816,1046,RECV,AA0081080000000000000000BBAA0083080000000000000000BBAA0085083E907CBD5FF8CEBDBBAA0087080000000000000000BBAA0064050000000001BBAA009708FFFFC74200000000BBAA0083080000000000000000BB
03-16-2026 20:28:23.816,1047,RECV,AA0083080000000000000000BBAA0551056300000001BBAA0064050000000001BBAA0083080000000000000000BB
03-16-2026 20:28:23.816,1048,RECV,AA0083080000000000000000BB
03-16-2026 20:28:23.816,1049,RECV,AA0081080000000000000000BBAA0083080000000000000000BBAA008508BED47BBD7FCFCDBDBBAA0087080000000000000000BBAA009708FFFFC74200000000BBAA0083080000000000000000BB
03-16-2026 20:28:23.816,1050,RECV,AA0083080000000000000000BBAA0551056300000001BBAA0064050000000001BBAA0083080000000000000000BB
03-16-2026 20:28:23.816,1051,RECV,AA0083080000000000000000BB
03-16-2026 20:28:23.816,1052,RECV,AA00800803400000ED05CC2FBBAA008208A3D4534100000000BBAA0084080000000000000000BBAA0086080000000000000000BBAA0064050000000001BBAA008908A0E9ED3F33D25340BBAA008C087C65C14100000000BBAA008E083B98153D00000000BBAA0083080000000000000000BB
03-16-2026 20:28:23.816,1053,RECV,AA0083080000000000000000BBAA0551056300000001BBAA0064050000000001BBAA0083080000000000000000BB
03-16-2026 20:28:23.816,1054,RECV,AA0083080000000000000000BB
03-16-2026 20:28:23.816,1055,RECV,AA0081080000000000000000BBAA0083080000000000000000BBAA008508FFB788BD9FA6CCBDBBAA006405000000000100AA009708FFFFC74200000000BBAA0083080000000000000000BB
03-16-2026 20:28:23.816,1056,RECV,AA0083080000000000000000BBAA0064050000000001BBAA0083080000000000000000BB
03-16-2026 20:28:23.816,1057,RECV,AA0083080000000000000000BB
03-16-2026 20:28:23.838,1058,RECV,AA0081080000000000000000BBAA0083080000000000000000BBAA0085087E9D000001BBCFBDBBAA055105000000000000AA009708FFFFC74200000000BBAA0083080000000000000000BB
03-16-2026 20:28:23.901,1059,RECV,AA0083080000000000000000BBAA0064050000000001BBAA0551056300000001BB
03-16-2026 20:28:24.810,1060,RECV,AA0083080000000000000000BBAA0083080000000000000000BB
03-16-2026 20:28:24.812,1061,RECV,AA0081080000000000000000BBAA0083080000000000000000BBAA006405000000BD7FDBAA0086080000000000000000BBAA0551056300000001BBAA009708FFFFC74200000000BB
03-16-2026 20:28:24.812,1062,RECV,AA0083080000000000000000BBAA0083080000000000000000BB
03-16-2026 20:28:24.812,1063,RECV,AA0064050000000001BBAA0551056300000001BBAA0083080000000000000000BB
03-16-2026 20:28:24.812,1064,RECV,AA0083080000000000000000BBAA0081080000000000000000BBAA0083080000000001BB0000BBAA008508FF8279BD7F5ECBBDBBAA0087080000000000000000BBAA0551056300000001BBAA009708FFFFC74200000000BB
03-16-2026 20:28:24.812,1065,RECV,AA0083080000000000000000BB
03-16-2026 20:28:24.812,1066,RECV,AA0083080000000000000000BBAA0064050000000001BBAA0551056300000001BBAA0083080000000000000000BB
03-16-2026 20:28:24.812,1067,RECV,AA0083080000000000000000BB
03-16-2026 20:28:24.812,1068,RECV,AA00800803400000ED05CC00BBAA0082088BD8534100BB0000BBAA0084080000000000000000BBAA0086080000000000000000BBAA008808E0CEB93C58D96F41BBAA0551056300004088FEAA008C086890C14100000000BBAA008E083B98153D00000000BBAA0083080000000000000000BB
03-16-2026 20:28:24.812,1069,RECV,AA0083080000000000000000BBAA0064050000000001BBAA0551056300000001BBAA0083080000000000000000BB
03-16-2026 20:28:24.812,1070,RECV,AA0083080000000000000000BB
03-16-2026 20:28:24.812,1071,RECV,AA0081080000000001BB0000BBAA0083080000000000000000BBAA0085087E327CBD9FACCBBDBBAA0087080000000000000000BBAA0551056300000001BBAA009708FFFFC74200000000BBAA0083080000000000000000BB
03-16-2026 20:28:24.812,1072,RECV,AA0083080000000000000000BBAA0064050000000001BBAA0551056300000001BBAA0083080000000000000000BB
03-16-2026 20:28:24.812,1073,RECV,AA0083080000000000000000BB
03-16-2026 20:28:24.850,1074,RECV,AA006405000000000000AA008208C3BF534100000000BBAA0084080000000000000000BBAA0086080000000000000000BBAA0551056300000001BBAA009708FFFFC74200000000BBAA0083080000000000000000BB
03-16-2026 20:28:24.914,1075,RECV,AA0083080000000000000000BBAA0064050000000001BBAA0551056300000001BBAA0083080000000000000000BB
03-16-2026 20:28:25.883,1076,RECV,AA0083080000000000000000BB
03-16-2026 20:28:25.888,1077,RECV,AA0064050000000001BBAA0081080000000000000000BBAA0083080000000000000000BBAA0085087E207FBDFFA2CABDBBAA0087080000000000000000BBAA0551056300000001BBAA009708FFFFC74200000000BBAA0083080000000000000000BB
03-16-2026 20:28:25.888,1078,RECV,AA0083080000000000000000BBAA0064050000000001BB
03-16-2026 20:28:25.888,1079,RECV,AA0551056300000001BBAA0083080000000000000000BBAA0083080000000000000000BB
03-16-2026 20:28:25.888,1080,RECV,AA0064050000000001BBAA0081080000000000000000BBAA0083080000000000000000BBAA008508DF1681BDDFD1CABDBBAA0087080000000000000000BBAA055105630000420000AA0083080000000000000000BB
03-16-2026 20:28:25.888,1081,RECV,AA0083080000000000000000BBAA0064050000000001BB
03-16-2026 20:28:25.888,1082,RECV,AA0551056300000001BBAA0083080000000000000000BBAA0083080000000000000000BB
03-16-2026 20:28:25.888,1083,RECV,AA0064050000000001BBAA00800803400000ED05CC00BBAA00820854C2534100000000BBAA0084080000000000000000BBAA0086080000000000000000BBAA0088084034B83CB3D66F41BBAA008B0840089C402413B741BBAA008D08F305B74400000000BBAA009708FFFFC70001BB0000BB
03-16-2026 20:28:25.888,1084,RECV,AA0083080000000000000000BBAA0083080000000000000000BBAA0064050000000001BB
03-16-2026 20:28:25.888,1085,RECV,AA0551056300000001BBAA0083080000000000000000BB
03-16-2026 20:28:25.888,1086,RECV,AA0083080000000000000000BBAA0064050000000001BBAA0081080000000000000000BBAA0083080000000000000000BBAA008508BE4B7DBD9F23CDBDBBAA0087080000000000000000BBAA009708FFFFC74200000000BBAA0551056300000001BB
03-16-2026 20:28:25.888,1087,RECV,AA0083080000000000000000BBAA0083080000000000000000BB
03-16-2026 20:28:25.888,1088,RECV,AA0064050000000001BBAA0551056300000001BBAA0083080000000000000000BB
03-16-2026 20:28:25.888,1089,RECV,AA0083080000000000000000BBAA0064050000000001BB
03-16-2026 20:28:25.888,1090,RECV,AA0081080000000000000000BBAA0083080000000000000000BBAA0085083FA279BDFF66D4BDBBAA0087080000000000000000BBAA009708FFFFC74200000000BBAA0551056300000001BBAA0083080000000000000000BB
03-16-2026 20:28:25.932,1091,RECV,AA0083080000000000000000BBAA0064050000000001BBAA0551056300000001BBAA0083080000000000000000BB
03-16-2026 20:28:26.921,1092,RECV,AA0083080000000000000000BBAA0064050000000001BB
03-16-2026 20:28:26.924,1093,RECV,AA0081080000000000000000BBAA0083080000000000000000BBAA0085083E967BBDDF42CDBDBBAA0087080000000000000000BBAA009708FFFFC74200000000BBAA0551056300000001BBAA0083080000000000000000BB
03-16-2026 20:28:26.924,1094,RECV,AA0083080000000000000000BBAA0064050000000001BBAA0551056300000001BBAA0083080000000000000000BB
03-16-2026 20:28:26.924,1095,RECV,AA0083080000000000000000BBAA0064050000000001BB
03-16-2026 20:28:26.924,1096,RECV,AA0081080000000000000000BBAA0083080000000000000000BBAA008508BFEC77BD7FC3CFBDBBAA0087080000000000000000BBAA009708FFFFC74200000000BBAA0551056300000001BBAA0083080000000000000000BB
03-16-2026 20:28:26.924,1097,RECV,AA0083080000000000000000BBAA0064050000000001BBAA0551056300000001BB
03-16-2026 20:28:26.924,1098,RECV,AA0083080000000000000000BBAA0083080000000000000000BB
03-16-2026 20:28:26.924,1099,RECV,AA0064050000000001BBAA00800803400000ED050000BBAA00820875CC534100000000BBAA0084080000000000000000BBAA0086080000000000000000BBAA0088082017B93CFBD46F41BBAA008B0840089C402413B741BBAA008D08F305B74400000000BBAA009708FFFFC74200000000BBAA0551056300000001BB
03-16-2026 20:28:26.924,1100,RECV,AA0083080000000000000000BBAA0083080000000000000000BBAA0064050000000001BB
03-16-2026 20:28:26.924,1101,RECV,AA0551056300000001BBAA0083080000000000000000BBAA0083080000000000000000BB
03-16-2026 20:28:26.924,1102,RECV,AA0064050000000001BBAA0081080000000000000000BBAA0083080000000000000000BBAA008508FFE780BD5FE6D1BDBBAA0087080000000000000000BBAA009708FFFFC74200000000BBAA0551056300000001BB
03-16-2026 20:28:26.928,1103,RECV,AA0083080000000000000000BBAA0083080000000000000000BBAA0064050000000001BB
03-16-2026 20:28:26.928,1104,RECV,AA0551056300000001BBAA0083080000000000000000BB
03-16-2026 20:28:26.928,1105,RECV,AA0083080000000000000000BBAA0064050000000001BBAA0081080000000000000000BBAA0083080000000000000000BBAA0085087EBB7ABD7FB1D2BDBBAA0087080000000000000000BBAA009708FFFFC74200000000BBAA0551056300000001BB
03-16-2026 20:28:26.928,1106,RECV,AA0083080000000000000000BBAA0083080000000000000000BBAA0064050000000001BB
03-16-2026 20:28:26.944,1107,RECV,AA0551056300000001BBAA0083080000000000000000BB
03-16-2026 20:28:27.008,1108,RECV,AA0083080000000000000000BBAA0064050000000001BB
03-16-2026 20:28:28.052,1109,RECV,AA0081080000000000000000BBAA0083080000000000000000BBAA008508BE577BBDFF1FCBBDBBAA0087080000000000000000BBAA009708FFFFC74200000000BBAA0551056300000001BBAA0083080000000000000000BB
03-16-2026 20:28:28.057,1110,RECV,AA0083080000000000000000BBAA0064050000000001BBAA0551056300000001BBAA0083080000000000000000BB
03-16-2026 20:28:28.057,1111,RECV,AA0083080000000000000000BBAA0064050000000001BB
03-16-2026 20:28:28.057,1112,RECV,AA0081080000000000000000BBAA0083080000000000000000BBAA0085087E387BBDBFDCD0BDBBAA0087080000000000000000BBAA009708FFFFC74200000000BBAA0551056300000001BBAA0083080000000000000000BB
03-16-2026 20:28:28.057,1113,RECV,AA0083080000000000000000BBAA0064050000000001BBAA0083080000000000000000BB
03-16-2026 20:28:28.057,1114,RECV,AA0083080000000000000000BBAA0064050000000001BB
03-16-2026 20:28:28.057,1115,RECV,AA00800803400000ED000000BBAA0082086DC3534100000000BBAA0084080000000000000000BBAA0086080000000000000000BBAA00880800A1B83CC3D56F41BBAA008B0840089C402413B741BBAA008D08F305B74400000000BBAA009708FFFFC74200000000BBAA0551056300000001BBAA0083080000000000000000BB
03-16-2026 20:28:28.057,1116,RECV,AA0083080000000000000000BBAA0064050000000001BB
03-16-2026 20:28:28.057,1117,RECV,AA0083080000000000000000BBAA0083080000000000000000BB
03-16-2026 20:28:28.057,1118,RECV,AA0064050000000001BBAA0081080000000000000000BBAA0083080000000000000000BBAA008508FF0B78BD5FF8CEBDBBAA0087080000000000000000BBAA009708FFFFC74200000000BBAA0551056300000001BBAA0083080000000000000000BB
03-16-2026 20:28:28.057,1119,RECV,AA0083080000000000000000BBAA0064050000000001BB
03-16-2026 20:28:28.057,1120,RECV,AA0083080000000000000000BBAA0551056300000001BBAA0083080000000000000000BB
03-16-2026 20:28:28.057,1121,RECV,AA0064050000000001BBAA0081080000000000000000BBAA0083080000000000000000BBAA0085083EFB7FBD1F7AC9BDBBAA0087080000000000000000BBAA009708FFFFC74200000000BBAA0551056300000001BB
03-16-2026 20:28:28.057,1122,RECV,AA0083080000000000000000BBAA0083080000000000000000BBAA0064050000000001BB
03-16-2026 20:28:28.057,1123,RECV,AA0083080000000000000000BBAA0551056300000001BBAA0083080000000000000000BB
03-16-2026 20:28:28.057,1124,RECV,AA0064050000000001BBAA0081080000000000000000BBAA0083080000000000000000BBAA0085085F3D85BD7FBDD0BDBBAA0087080000000000000000BBAA009708FFFFC74200000000BBAA0551056300000001BB
03-16-2026 20:28:28.084,1125,RECV,AA0083080000000000000000BBAA0083080000000000000000BBAA0064050000000001BB
03-16-2026 20:28:29.143,1126,RECV,AA0083080000000000000000BBAA0551056300000001BB
03-16-2026 20:28:29.159,1127,RECV,AA0083080000000000000000BBAA0064050000000001BB
03-16-2026 20:28:29.159,1128,RECV,AA0081080000000000000000BBAA0083080000000000000000BBAA0085087F5077BD1FE5CCBDBBAA0087080000000000000000BBAA009708FFFFC74200000000BBAA0551056300000001BBAA0083080000000000000000BB
03-16-2026 20:28:29.159,1129,RECV,AA0083080000000000000000BBAA0064050000000001BBAA0083080000000000000000BBAA0551056300000001BB
03-16-2026 20:28:29.159,1130,RECV,AA0083080000000000000000BBAA0064050000000001BB
03-16-2026 20:28:29.159,1131,RECV,AA00800803400000ED05CC00BBAA008208DBBB534100000000BBAA0084080000000000000000BBAA0086080000000000000000BBAA008808409DB83C1CD76F41BBAA008B0840089C402413B741BBAA008D08F305B74400000000BBAA009708FFFFC74200000000BBAA0551056300000001BBAA0083080000000000000000BB
03-16-2026 20:28:29.159,1132,RECV,AA0083080000000000000000BBAA0083080000000000000000BBAA0551056300000001BB
03-16-2026 20:28:29.159,1133,RECV,AA0083080000000000000000BBAA0064050000000001BB
03-16-2026 20:28:29.159,1134,RECV,AA0081080000000000000000BBAA0083080000000000000000BBAA008508DF6F87BD7FC9CEBDBBAA0087080000000000000000BBAA009708FFFFC74200000000BBAA0551056300000001BBAA0083080000000000000000BB
03-16-2026 20:28:29.159,1135,RECV,AA006405000000000000AA0083080000000000000000BB
03-16-2026 20:28:29.159,1136,RECV,AA0551056300000001BBAA0083080000000000000000BBAA0064050000000001BB
03-16-2026 20:28:29.159,1137,RECV,AA0081080000000000000000BBAA0083080000000000000000BBAA0085087EA37EBD9FA0CDBDBBAA0087080000000000000000BBAA009708FFFFC74200000000BBAA0551056300000001BBAA0083080000000000000000BB
03-16-2026 20:28:29.159,1138,RECV,AA0064050000000001BBAA0083080000000000000000BB
03-16-2026 20:28:29.159,1139,RECV,AA0083080000000000000000BBAA0551056300000001BBAA0083080000000000000000BB
03-16-2026 20:28:29.159,1140,RECV,AA0064050000000001BBAA0081080000000000000000BBAA0083080000000000000000BBAA008508DF6988BD9FACCBBDBBAA0087080000000000000000BBAA009708FFFFC74200000000BBAA0551056300000001BBAA0083080000000000000000BB
03-16-2026 20:28:29.159,1141,RECV,AA0064050000000001BBAA0083080000000000000000BB
03-16-2026 20:28:29.159,1142,RECV,AA0083080000000000000000BBAA0551056300000001BBAA0083080000000000000000BB
03-16-2026 20:28:29.222,1143,RECV,AA0064050000000001BBAA0081080000000000000000BBAA0083080000000000000000BBAA0085083E7E7FBD9F94CFBDBBAA0087080000000000000000BBAA009708FFFFC74200000000BB
03-16-2026 20:28:30.242,1144,RECV,AA0551056300000001BBAA0083080000000000000000BBAA0064050000000001BBAA0083080000000000000000BB
03-16-2026 20:28:30.244,1145,RECV,AA0083080000000000000000BBAA0551056300000001BB
03-16-2026 20:28:30.244,1146,RECV,AA0083080000000000000000BBAA0064050000000001BBAA00800803400000ED000000BBAA0082080FC3534100000000BBAA0084080000000000000000BBAA0086080000000000000000BBAA00880800A1B83C91
03-16-2026 20:28:30.244,1147,RECV,D56F41BBAA008B0840089C402413B741BBAA008D08F305B74400000000BBAA009708FFFFC74200000000BBAA0551056300000001BBAA0083080000000000000000BBAA0064050000000001BBAA0083080000000000000000BB
03-16-2026 20:28:30.244,1148,RECV,AA0083080000000000000000BBAA0551056300000001BB
03-16-2026 20:28:30.244,1149,RECV,AA0083080000000000000000BBAA0064050000000001BB
03-16-2026 20:28:30.244,1150,RECV,AA0081080000000000000000BBAA0083080000000000000000BBAA0085083E9C7ABDBF9B0000BBAA0087080000000000000000BBAA009708FFFFC74200000000BBAA0551056300000001BBAA0083080000000000000000BBAA00
03-16-2026 20:28:30.244,1151,RECV,64050000000001BBAA0083080000000000000000BBAA0083080000000000000000BBAA0551056300000001BB
03-16-2026 20:28:30.244,1152,RECV,AA0083080000000000000000BBAA0064050000000001BB
03-16-2026 20:28:30.244,1153,RECV,AA0081080000000000000000BBAA0083080000000000000000BBAA0085087FA381BD1FDFCDBDBBAA0087080000000000000000BBAA009708FFFFC74200000000BBAA0551056300000001BBAA0083080000000000000000BB
03-16-2026 20:28:30.244,1154,RECV,AA0064050000000001BBAA0083080000000000000000BBAA0083080000000000000000BB
03-16-2026 20:28:30.244,1155,RECV,AA0551056300000001BBAA0083080000000000000000BBAA0064050000000001BB
03-16-2026 20:28:30.244,1156,RECV,AA0081080000000000000000BBAA0083080000000000000000BBAA0085087EA97DBDDF4ECBBDBBAA0087080000000000000000BBAA009708FFFFC74200000000BBAA0551056300000001BBAA0083080000000000000000BB
03-16-2026 20:28:30.244,1157,RECV,AA0064050000000001BBAA0083080000000000000000BB
03-16-2026 20:28:30.244,1158,RECV,AA0083080000000000000000BB
03-16-2026 20:28:30.244,1159,RECV,AA0551056300000001BBAA0083080000000000000000BBAA0064
03-16-2026 20:28:30.244,1160,RECV,050000000001BBAA0081080000000000000000BBAA0083080000000000000000BBAA008508FEED7CBDDF12D5BDBBAA0087080000000000000000BBAA009708FFFFC74200000000BBAA0551056300000001BBAA0083080000000000000000BB
03-16-2026 20:28:30.302,1161,RECV,AA0064050000000001BBAA0083080000000000000000BB
03-16-2026 20:28:31.266,1162,RECV,AA0083080000000000000000BBAA0551056300000001BBAA0083080000000000000000BB
03-16-2026 20:28:31.266,1163,RECV,AA0064050000000001BBAA00800803400000ED05CC00BBAA00820869CE534100000000BBAA0084080000000000000000BBAA0086080000000000000000BBAA00880800A1B83C71D66F41BBAA008B0840089C40C427B741BBAA008D08F305B74400000000BBAA009708FFFFC74200000000BBAA0551056300000001BB
03-16-2026 20:28:31.266,1164,RECV,AA0083080000000000000000BBAA0064050000000001BBAA0083080000000000000000BB
03-16-2026 20:28:31.266,1165,RECV,AA0083080000000000000000BBAA0551056300000001BBAA0083080000000000000000BB
03-16-2026 20:28:31.266,1166,RECV,AA0064050000000001BBAA0081080000000000000000BBAA0083080000000000000000BBAA0085083F7E82BD5F1CC9BDBBAA0087080000000000000000BBAA009708FFFFC74200000000BB
03-16-2026 20:28:31.266,1167,RECV,AA0551056300000001BBAA0083080000000000000000BBAA0064050000000001BBAA0083080000000000000000BB
03-16-2026 20:28:31.266,1168,RECV,AA0083080000000000000000BBAA0551056300000001BB
03-16-2026 20:28:31.266,1169,RECV,AA0083080000000000000000BBAA0064050000000001BB
03-16-2026 20:28:31.266,1170,RECV,AA0081080000000000000000BBAA0083080000000000000000BBAA008508FF6A80BDBFF4CCBDBBAA0087080000000000000000BBAA009708FFFFC74200000000BBAA0551056300000001BBAA0083080000000000000000BBAA0064050000000001BB
03-16-2026 20:28:31.266,1171,RECV,AA0083080000000000000000BBAA0083080000000000000000BBAA0551056300000001BB
03-16-2026 20:28:31.266,1172,RECV,AA0083080000000000000000BBAA0064050000000001BB
03-16-2026 20:28:31.266,1173,RECV,AA0081080000000000000000BBAA0083080000000000000000BBAA0085081F8F87BD5FECD0BDBBAA0087080000000000000000BBAA009708FFFFC74200000000BBAA0551056300000001BBAA0083080000000000000000BB
03-16-2026 20:28:31.266,1174,RECV,AA0064050000000001BBAA0083080000000000000000BBAA0083080000000000000000BB
03-16-2026 20:28:31.266,1175,RECV,AA0551056300000001BBAA0083080000000000000000BBAA0064050000000001BB
03-16-2026 20:28:31.266,1176,RECV,AA0081080000000000000000BBAA0083080000000000000000BBAA0085087F9783BD5F1CC9BDBBAA0087080000000000000000BBAA009708FFFFC74200000000BBAA0551056300000001BBAA0083080000000000000000BB
03-16-2026 20:28:31.314,1177,RECV,AA0064050000000001BBAA0083080000000000000000BBAA0083080000000000000000BB
03-16-2026 20:28:32.327,1178,RECV,AA0551056300000001BBAA0083080000000000000000BBAA0064050000000001BB
03-16-2026 20:28:32.334,1179,RECV,AA00800803400000ED05CC00BBAA008208F4D1534100000000BBAA0084080000000000000000BBAA0086080000000000000000BBAA008808E01AB93CF6DB6F41BBAA008B0840089C402413B741BBAA008D08F305B74400000000BBAA009708FFFFC74200000000BBAA0551056300000001BBAA0083080000000000000000BB
03-16-2026 20:28:32.334,1180,RECV,AA0064050000000001BBAA0083080000000000000000BB
03-16-2026 20:28:32.334,1181,RECV,AA0083080000000000000000BBAA0551056300000001BBAA0083080000000000000000BBAA0064050000000001BB
03-16-2026 20:28:32.334,1182,RECV,AA0081080000000000000000BBAA0083080000000000000000BBAA0085087F2C80BDFF90CDBDBBAA0087080000000000000000BBAA009708FFFFC74200000000BB
03-16-2026 20:28:32.334,1183,RECV,AA055105630000000000AA0064050000000001BBAA0083080000000000000000BB
03-16-2026 20:28:32.334,1184,RECV,AA0083080000000000000000BBAA0551056300000001BBAA0083080000000000000000BB
03-16-2026 20:28:32.334,1185,RECV,AA0064050000000001BBAA0081080000000000000000BBAA0083080000000000000000BBAA008508DF7B85BD1F7AC9BDBBAA0087080000000000000000BBAA009708FFFFC74200000000BB
03-16-2026 20:28:32.334,1186,RECV,AA0083080000000000BB0000BBAA0064050000000001BBAA0083080000000000000000BB
03-16-2026 20:28:32.334,1187,RECV,AA0083080000000000000000BBAA0551056300000001BB
03-16-2026 20:28:32.334,1188,RECV,AA0083080000000000000000BBAA0064050000000001BB
03-16-2026 20:28:32.334,1189,RECV,AA0081080000000000000000BBAA0083080000000000000000BBAA0085089F6284BD7F52CDBDBBAA0087080000000000000000BBAA009708FFFFC74200000000BBAA0083080000000000000000BBAA0551056300000001BBAA0064050000000001BB
03-16-2026 20:28:32.334,1190,RECV,AA0083080000000000000000BBAA0083080000000000000000BB
03-16-2026 20:28:32.334,1191,RECV,AA0551056300000001BBAA0083080000000000000000BBAA0064050000000001BB
03-16-2026 20:28:32.334,1192,RECV,AA0081080000000000000000BBAA0083080000000000000000BBAA008508FEDB7FBDFFFBD0BDBBAA0087080000000000000000BBAA009708FFFFC74200000000BBAA0083080000000000000000BBAA0551056300000001BBAA0064050000000001BB
03-16-2026 20:28:32.334,1193,RECV,AA0083080000000000000000BBAA0083080000000000000000BB
03-16-2026 20:28:32.390,1194,RECV,AA0551056300000001BBAA0083080000000000000000BBAA0064050000000001BB
03-16-2026 20:28:33.386,1195,RECV,AA0080080340000000000000BBAA00820859D6534100000000BBAA0084080000000000000000BBAA0086080000000000000000BBAA008808A0D3B83CF2D66F41BBAA008B0840089C40C427B741BBAA008D08F305B74400000000BBAA009708FFFFC74200000000BBAA0083080000000000000000BBAA0551056300000001BB
03-16-2026 20:28:33.386,1196,RECV,AA0064050000000001BBAA0083080000000000000000BB
03-16-2026 20:28:33.396,1197,RECV,AA0083080000000000000000BBAA0551056300000001BBAA0083080000000000000000BBAA0064050000000001BB
03-16-2026 20:28:33.396,1198,RECV,AA0081080000000000000000BBAA0083080000000000000000BBAA008508FF5883BD7F40D0BDBBAA0087080000000000000000BBAA009708FFFFC74200000000BBAA0083080000000000000000BB
03-16-2026 20:28:33.396,1199,RECV,AA0551056300000001BBAA0064050000000001BBAA0083080000000000000000BB
03-16-2026 20:28:33.396,1200,RECV,AA0083080000000000000000BBAA0551056300000001BBAA0083080000000000000000BB
03-16-2026 20:28:33.396,1201,RECV,AA0081080000000000000000BBAA0083080000000000000000BBAA0085083F0D80BD9FACCBBDBBAA0087080000000000000000BBAA009708FFFFC74200000000BBAA0083080000000000000000BB
03-16-2026 20:28:33.396,1202,RECV,AA0551056300000001BBAA0064050000000001BBAA0083080000000000000000BB
03-16-2026 20:28:33.396,1203,RECV,AA0083080000000000000000BBAA0551056300000001BBAA006405000000000000
03-16-2026 20:28:33.396,1204,RECV,AA0081080000000000000000BBAA0083080000000000000000BBAA008508BFEC77BD3F86D4BDBBAA0087080000000000000000BBAA009708FFFFC74200000000BB
03-16-2026 20:28:33.396,1205,RECV,AA0083080000000000000000BBAA0551056300000001BBAA0064050000000001BBAA0083080000000000000000BB
03-16-2026 20:28:33.396,1206,RECV,AA0083080000000000000000BBAA0551056300000001BB
03-16-2026 20:28:33.396,1207,RECV,AA0064050000000001BBAA0083080000000000000000BBAA0081080000000000000000BBAA0083080000000000000000BBAA008508DF1C80BD3F21D0BDBBAA0087080000000000000000BBAA009708FFFFC74200000000BB
03-16-2026 20:28:33.396,1208,RECV,AA0083080000000000000000BBAA0551056300000001BBAA0064050000000001BBAA0083080000000000000000BB
03-16-2026 20:28:33.396,1209,RECV,AA0083080000000000000000BBAA0551056300000001
03-16-2026 20:28:33.402,1210,RECV,BBAA0064050000000001BBAA0083080000000000000000BB
03-16-2026 20:28:33.465,1211,RECV,AA00800803400000ED05CC00BBAA00820802C0534100000000BBAA0084080000000000000000BBAA0086080000000000000000BBAA0088082081B83CC9D36F41BBAA008B0840089C40C427B741BBAA008D08F305B74400000000BBAA009708FFFFC74200000000BBAA0083080000000000000000BBAA0551056300000001BBAA0064050000000001BB
03-16-2026 20:28:34.446,1212,RECV,AA0083080000000000000000BBAA0083080000000000000000BB
03-16-2026 20:28:34.446,1213,RECV,AA0551056300000001BBAA0064050000000001BBAA0083080000000000000000BB
03-16-2026 20:28:34.446,1214,RECV,AA0081080000000000000000BBAA0083080000000000000000BBAA008508FE6A7DBD5F93CABDBBAA0087080000000000000000BBAA009708FFFFC74200000000BBAA0083080000000000000000BBAA0551056300000001BBAA0064050000000001BB
03-16-2026 20:28:34.446,1215,RECV,AA0083080000000000000000BBAA0083080000000000000000BB
03-16-2026 20:28:34.446,1216,RECV,AA0551056300000001BBAA0064050000000001BBAA0083080000000000000000BB
03-16-2026 20:28:34.446,1217,RECV,AA0081080000000000000000BBAA0083080000000000000000BBAA008508BF6379BD9F2FCBBDBBAA0087080000000000000000BBAA009708FFFFC74200000000BBAA0083080000000000000000BB
03-16-2026 20:28:34.446,1218,RECV,AA0551056300000001BBAA0064050000000001BBAA0083080000000000000000BB
03-16-2026 20:28:34.446,1219,RECV,AA0083080000000000000000BBAA0551056300000001BBAA0064050000000001BBAA0083080000000000000000BB
03-16-2026 20:28:34.446,1220,RECV,AA0081080000000000000000BBAA0083080000000000000000BBAA008508FFE181BD9F8ED0BDBBAA0087080000000000000000BBAA009708FFFFC74200000000BBAA0083080000000000000000BB
03-16-2026 20:28:34.446,1221,RECV,AA0551056300000001BBAA0064050000000001BBAA0083080000000000000000BB
03-16-2026 20:28:34.446,1222,RECV,AA0083080000000000000000BBAA0551056300000001BBAA0064050000000001BBAA0083080000000000000000BB
03-16-2026 20:28:34.446,1223,RECV,AA0081080000000000000000BBAA0083080000000000000000BBAA0085087EBB7ABD7F2ED3BDBBAA0087080000000000000000BBAA009708FFFFC74200000000BB
03-16-2026 20:28:34.446,1224,RECV,AA0083080000000000000000BBAA0551056300000001BBAA0064050000000001BBAA0083080000000000000000BB
03-16-2026 20:28:34.446,1225,RECV,AA0083080000000000000000BBAA0551056300000001
03-16-2026 20:28:34.446,1226,RECV,BBAA0064050000000001BBAA0083080000000000000000BBAA00800803400000ED050000BBAA008208F3E6534100000000BBAA0084080000000000000000BBAA008608
03-16-2026 20:28:34.477,1227,RECV,0000000000000000BBAA00880800B0B83CDED66F41BBAA008B0840089C40C427B741BBAA008D08F305B74400000000BBAA009708FFFFC74200000000BBAA0083080000000000000000BBAA0064050000000001BBAA0083080000000000000000BB
03-16-2026 20:28:34.540,1228,RECV,AA0083080000000000000000BB
03-16-2026 20:28:35.547,1229,RECV,AA0064050000000001BBAA0551056300000001BBAA0083080000000000000000BBAA0081080000000000000000BBAA0083080000000000000000BBAA0085081F2A83BDFF0DCEBDBBAA0087080000000000000000BBAA009708FFFFC74200000000BB
03-16-2026 20:28:35.550,1230,RECV,AA0083080000000000000000BBAA0064050000000001BBAA0551056300000001BB
03-16-2026 20:28:35.550,1231,RECV,AA0083080000000000000000BBAA0083080000000000000000BB
03-16-2026 20:28:35.550,1232,RECV,AA0064050000000001BBAA0551056300000001BBAA0083080000000000000000BB
03-16-2026 20:28:35.550,1233,RECV,AA0081080000000000000000BBAA0083080000000000000000BBAA008508BF6379BD5F81CDBDBBAA0087080000000000000000BBAA009708FFFFC74200000000BBAA0083080000000000000000BBAA0064050000000001BBAA0551056300000001BB
03-16-2026 20:28:35.550,1234,RECV,AA0083080000000000000000BBAA0083080000000000000000BB
03-16-2026 20:28:35.550,1235,RECV,AA0064050000000001BBAA0551056300000001BBAA0083080000000000000000BB
03-16-2026 20:28:35.550,1236,RECV,AA0081080000000000000000BBAA0083080000000000000000BBAA0085083F7E82BDBF83CABDBBAA0087080000000000000000BBAA009708FFFFC74200000000BBAA0083080000000000000000BB
03-16-2026 20:28:35.550,1237,RECV,AA0064050000000001BBAA0551056300000001BBAA0083080000000000000000BB
03-16-2026 20:28:35.550,1238,RECV,AA0083080000000000000000BBAA0064050000000001BBAA0551056300000001BBAA0083080000000000000000BB
03-16-2026 20:28:35.550,1239,RECV,AA0081080000000000000000BBAA0083080000000000000000BBAA0085081FB980BDBFFACBBDBBAA0087080000000000000000BBAA009708FFFFC74200000000BBAA0083080000000000000000BB
03-16-2026 20:28:35.550,1240,RECV,AA0064050000000001BBAA0551056300000001BBAA0083080000000000000000BB
03-16-2026 20:28:35.550,1241,RECV,AA0083080000000000000000BBAA0064050000000001BBAA0551056300000001BBAA0083080000000000000000BB
03-16-2026 20:28:35.550,1242,RECV,AA00800803400000ED050000BBAA00820846BF534100000000BBAA0084080000000000000000BBAA0086080000000000000000BBAA0088084061B83CBBD36F41BBAA008B0840089C40643CB741BBAA008D08F305B74400000000BBAA009708FFFFC74200000000BB
03-16-2026 20:28:35.550,1243,RECV,AA0083080000000000000000BBAA0064050000000001BBAA0551056300000001BBAA0083080000000000000000BB
03-16-2026 20:28:35.550,1244,RECV,AA0083080000000000000000BB
03-16-2026 20:28:35.614,1245,RECV,AA0064050000000001BBAA0551056300000001BBAA0083080000000000000000BBAA0081080000000000000000BBAA0083080000000000000000BBAA008508FEE77DBDFF96CCBDBBAA0087080000000000000000BBAA009708FF
03-16-2026 20:28:36.605,1246,RECV,FFC74200000000BBAA0083080000000000000000BBAA0064050000000001BBAA0551056300000001BB
03-16-2026 20:28:36.609,1247,RECV,AA0083080000000000000000BBAA0083080000000000000000BB
03-16-2026 20:28:36.609,1248,RECV,AA0064050000000001BBAA055105630000000000
03-16-2026 20:28:36.609,1249,RECV,AA0081080000000000000000BBAA0083080000000000000000BBAA008508FF1177BDBF77CCBDBBAA0087080000000000000000BBAA009708FFFFC74200000000BBAA0083080000000000000000BBAA0064050000000001BBAA0551056300000001BB
03-16-2026 20:28:36.609,1250,RECV,AA0083080000000000000000BBAA0083080000000000000000BB
03-16-2026 20:28:36.609,1251,RECV,AA0064050000000001BBAA0083080000000000BB0000BB
03-16-2026 20:28:36.609,1252,RECV,AA0081080000000000000000BBAA0083080000000000000000BBAA0085085F5B80BDFF13CDBDBBAA0087080000000000000000BBAA009708FFFFC74200000000BBAA0083080000000000000000BBAA0064050000000001BBAA0551056300000001BB
03-16-2026 20:28:36.609,1253,RECV,AA0083080000000000000000BBAA0083080000000000000000BB
03-16-2026 20:28:36.609,1254,RECV,AA0064050000000001BBAA0083080000000000000000BBAA0551056300000001BB
03-16-2026 20:28:36.609,1255,RECV,AA0081080000000000000000BBAA0083080000000000000000BBAA0085087E387BBD5F8DCBBDBBAA0087080000000000000000BBAA009708FFFFC74200000000BBAA0083080000000000000000BBAA0064050000000001BB
03-16-2026 20:28:36.610,1256,RECV,AA0551056300000001BBAA0083080000000000000000BBAA0083080000000000000000BB
03-16-2026 20:28:36.610,1257,RECV,AA0064050000000001BBAA0083080000000000000000BBAA0551056300000001BB
03-16-2026 20:28:36.610,1258,RECV,AA00800803400000ED05CC00BBAA0082089DD5534100000000BBAA0084080000000000000000BBAA0086080000000000000000BBAA008808A02CBA3C21D46F41BBAA008B0840089C40C427B741BBAA008D08F305B74400000000BBAA009708FFFFC74200000000BB
03-16-2026 20:28:36.610,1259,RECV,AA0083080000000000000000BBAA0064050000000001BBAA0551056300000001BBAA0083080000000000000000BB
03-16-2026 20:28:36.610,1260,RECV,AA0083080000000000000000BBAA0064050000000001BB
03-16-2026 20:28:36.626,1261,RECV,AA0083080000000000000000BBAA0551056300000001BBAA0081080000000000000000BBAA0083080000000000000000BBAA0085087E327CBD7F4CCEBDBBAA0087080000000000000000BBAA009708FFFFC74200000000BB
03-16-2026 20:28:36.690,1262,RECV,AA0083080000000000000000BBAA0064050000000001BBAA0551056300000001BBAA0083080000000000000000BB
03-16-2026 20:28:37.694,1263,RECV,AA0083080000000000000000BBAA0064050000000001BB
03-16-2026 20:28:37.694,1264,RECV,AA0083080000000000000000BBAA0551056300000001BBAA0081080000000000000000BBAA0083080000000000000000BBAA0085083F2579BD7F4CCEBDBBAA0087080000000000000000BBAA009708FFFFC74200000000BB
03-16-2026 20:28:37.694,1265,RECV,AA0083080000000000000000BBAA0064050000000001BBAA0551056300000001BBAA0083080000000000000000BB
03-16-2026 20:28:37.694,1266,RECV,AA0083080000000000000000BBAA0064050000000001BB
03-16-2026 20:28:37.694,1267,RECV,AA0083080000000000000000BBAA0551056300000001BB
03-16-2026 20:28:37.700,1268,RECV,AA0081080000000000000000BBAA0083080000000000000000BBAA0085087F8586BDFFFBD0BDBBAA0087080000000000000000BBAA009708FFFFC74200000000BBAA0083080000000000000000BBAA0551056300000001BB
03-16-2026 20:28:37.700,1269,RECV,AA0083080000000000000000BBAA0083080000000000000000BB
03-16-2026 20:28:37.700,1270,RECV,AA0064050000000001BBAA0083080000000000000000BBAA0551056300000001BB
03-16-2026 20:28:37.700,1271,RECV,AA0081080000000000000000BBAA0083080000000000000000BBAA008508BEDA7ABDFF0DCEBDBBAA0087080000000000000000BBAA009708FFFFC74200000000BBAA006405000000000000AA0551056300000001BB
03-16-2026 20:28:37.700,1272,RECV,AA0083080000000000000000BBAA0083080000000000000000BB
03-16-2026 20:28:37.700,1273,RECV,AA0064050000000001BBAA0083080000000000000000BBAA0551056300000001BB
03-16-2026 20:28:37.700,1274,RECV,AA00800803400000ED05CC00BBAA008208DCEF534100000000BBAA0084080000000000000000BBAA0086080000000000000000BBAA008808604DBB3CEDD46F41BBAA008B0840089C40C427B741BBAA008D08F305B74400000000BBAA009708FFFFC74200000000BBAA0064050000000001BBAA0083080000000000000000BB
03-16-2026 20:28:37.700,1275,RECV,AA0551056300000001BBAA0083080000000000000000BB
03-16-2026 20:28:37.700,1276,RECV,AA0083080000000000000000BBAA0064050000000001BBAA0083080000000000000000BBAA0551056300000001BB
03-16-2026 20:28:37.700,1277,RECV,AA0081080000000000000000BBAA0083080000000000000000BBAA008508FE707CBD3F39CCBDBBAA0087080000000000000000BBAA009708FFFFC74200000000BB
03-16-2026 20:28:37.700,1278,RECV,AA0064050000000001BBAA0083080000000000000000BBAA0551056300000001BBAA0083080000000000000000BB
03-16-2026 20:28:37.764,1279,RECV,AA0083080000000000000000BBAA0064050000000001BBAA0083080000000000000000BB
03-16-2026 20:28:38.772,1280,RECV,AA0551056300000001BBAA0081080000000000000000BBAA0083080000000000000000BBAA0085087E2C7DBD5FE6D1BDBBAA0087080000000000000000BBAA009708FFFFC74200000000BB
03-16-2026 20:28:38.776,1281,RECV,AA0064050000000001BBAA0083080000000000000000BBAA0551056300000001BBAA0083080000000000000000BB
03-16-2026 20:28:38.776,1282,RECV,AA0083080000000000000000BBAA0064050000000001BB
03-16-2026 20:28:38.776,1283,RECV,AA0083080000000000000000BBAA0551056300000001BBAA0081080000000000000000BBAA0083080000000000000000BBAA008508BFE079BDFF07CFBDBBAA0087080000000000000000BBAA009708FFFFC74200000000BB
03-16-2026 20:28:38.776,1284,RECV,AA0064050000000001BBAA0083080000000000000000BBAA0551056300000001BBAA0083080000000000000000BB
03-16-2026 20:28:38.776,1285,RECV,AA0083080000000000000000BBAA0064050000000001BB
03-16-2026 20:28:38.776,1286,RECV,AA0083080000000000000000BBAA0551056300000001BB
03-16-2026 20:28:38.776,1287,RECV,AA0081080000000000000000BBAA0083080000000000000000BBAA0085083F6C85BD1F6ECBBDBBAA0087080000000000000000BBAA009708FFFFC74200000000BBAA0064050000000001BBAA0083080000000000000000BBAA0551056300000001BB
03-16-2026 20:28:38.776,1288,RECV,AA0083080000000000000000BBAA0083080000000000000000BBAA0064050000000001BB
03-16-2026 20:28:38.776,1289,RECV,AA0083080000000000000000BBAA0551056300000001BB
03-16-2026 20:28:38.776,1290,RECV,AA00800803400000ED05CC00BBAA008208FAD0534100000000BBAA0084080000000000000000BBAA0086080000000000000000BBAA008808A05AB93C3CD36F41BBAA008B0840089C40643CB741BBAA008D08F305B74400000000BBAA009708FFFFC74200000000BBAA0064050000000001BBAA0083080000000000000000BB
03-16-2026 20:28:38.776,1291,RECV,AA0551056300000001BBAA0083080000000000000000BBAA0083080000000000000000BB
03-16-2026 20:28:38.776,1292,RECV,AA0064050000000001BBAA0083080000000000000000BBAA0551056300000001BB
03-16-2026 20:28:38.776,1293,RECV,AA0081080000000000000000BBAA0083080000000000000000BBAA0085087E9D7FBD7FB7D1BDBBAA0087080000000000000000BBAA009708FFFFC74200000000BBAA0064050000000001BBAA0083080000000000000000BB
03-16-2026 20:28:38.776,1294,RECV,AA0551056300000001BBAA0083080000000000000000BBAA0083080000000000000000BB
03-16-2026 20:28:38.776,1295,RECV,AA0064050000000001BBAA0083080000000000000000BBAA0551056300000001BB
03-16-2026 20:28:38.840,1296,RECV,AA0081080000000000000000BBAA0083080000000000000000BBAA0085087EA97DBD7F5ECBBDBBAA0087080000000000000000BBAA009708FFFFC74200000000BBAA0064050000000001BBAA0083080000000000000000BB
03-16-2026 20:28:39.914,1297,RECV,AA0551056300000001BBAA0083080000000000000000BB
03-16-2026 20:28:39.920,1298,RECV,AA0083080000000000000000BBAA0064050000000001BBAA0083080000000000000000BB
03-16-2026 20:28:39.920,1299,RECV,AA0551056300000001BBAA0081080000000000000000BBAA0083080000000000000000BBAA008508BFE079BDFF01D0BDBBAA0087080000000000000000BBAA009708FFFFC74200000000BB
03-16-2026 20:28:39.920,1300,RECV,AA0064050000000001BBAA0083080000000000000000BBAA0551056300000001BBAA0083080000000000000000BB
03-16-2026 20:28:39.920,1301,RECV,AA0083080000000000000000BBAA0064050000000001BB
03-16-2026 20:28:39.920,1302,RECV,AA0083080000000000000000BBAA0551056300000001BBAA0081080000000000000000BBAA0083080000000000000000BBAA008508BE577BBDDFADD0BDBBAA0087080000000000000000BBAA009708FFFFC74200000000BB
03-16-2026 20:28:39.920,1303,RECV,AA0064050000000001BBAA0083080000000000000000BBAA0551056300000001BBAA0083080000000000000000BB
03-16-2026 20:28:39.920,1304,RECV,AA0083080000000000000000BBAA0064050000000001BB
03-16-2026 20:28:39.920,1305,RECV,AA0083080000000000000000BBAA0551056300000001BBAA00800803400000ED05CC00BBAA008208A802544100000000BBAA0084080000000000000000BBAA0086080000000000000000BBAA008808
03-16-2026 20:28:39.920,1306,RECV,00D9BC3C53D76F41BBAA008B0840089C40643CB741BBAA008D08F305B74400000000BBAA009708FFFFC74200000000BBAA0064050000000001BBAA0083080000000000000000BBAA0551056300000001BBAA0083080000000000000000BB
03-16-2026 20:28:39.920,1307,RECV,AA0083080000000000000000BBAA0064050000000001BB
03-16-2026 20:28:39.920,1308,RECV,AA0083080000000000000000BBAA0551056300000001BB
03-16-2026 20:28:39.920,1309,RECV,AA0081080000000000000000BBAA0083080000000000000000BBAA0085083F2579BD3F98D1BDBBAA0087080000000000000000BBAA009708FFFFC74200000000BBAA0064050000000001BBAA0083080000000000000000BB
03-16-2026 20:28:39.920,1310,RECV,AA0551056300000001BBAA0083080000000000000000BBAA0083080000000000000000BB
03-16-2026 20:28:39.920,1311,RECV,AA0064050000000001BBAA0083080000000000000000BBAA0551056300000001BB
03-16-2026 20:28:39.920,1312,RECV,AA0081080000000000000000BBAA0083080000000000000000BBAA008508BEC27EBD5FF8CEBDBBAA0087080000000000000000BBAA009708FFFFC74200000000BBAA0064050000000001BBAA0083080000000000000000BB
03-16-2026 20:28:39.920,1313,RECV,AA055105000000000000AA0083080000000000000000BB
03-16-2026 20:28:39.977,1314,RECV,AA0064050000000001BBAA0083080000000000000000BBAA0551056300000001BB
03-16-2026 20:28:41.024,1315,RECV,AA0081080000000000000000BBAA0083080000000000000000BBAA008508BF4B80BD9FA0CDBDBBAA0087080000000000000000BBAA009708FFFFC74200000000BBAA0064050000000001BBAA0083080000000000000000BB
03-16-2026 20:28:41.028,1316,RECV,AA0083080000000000000000BB
03-16-2026 20:28:41.028,1317,RECV,AA0083080000000000000000BBAA0064050000000001BBAA0083080000000000000000BB
03-16-2026 20:28:41.028,1318,RECV,AA0551056300000001BBAA0081080000000000000000BBAA0083080000000000000000BBAA0085087E387BBD3F2DCEBDBBAA0087080000000000000000BBAA009708FFFFC74200000000BBAA0064050000000001BB
03-16-2026 20:28:41.028,1319,RECV,AA0083080000000000000000BBAA0083080000000000000000BBAA0551056300000001BB
03-16-2026 20:28:41.028,1320,RECV,AA0083080000000000000000BBAA0064050000000001BB
03-16-2026 20:28:41.028,1321,RECV,AA0083080000000000000000BBAA0551056300000001BB
03-16-2026 20:28:41.028,1322,RECV,AA00800803400000ED000000BBAA0082086332544100000000BBAA0084080000000000000000BBAA0086080000000000000000BBAA008808A048BC3CCCDE6F41BBAA008B0840089C40C427B741BBAA008D08F305B74400000000BBAA009708FFFFC74200000000BBAA0064050000000001BBAA0083080000000000000000BBAA0083080000000000000000BBAA0551056300000001BB
03-16-2026 20:28:41.028,1323,RECV,AA0083080000000000000000BBAA0064050000000001BB
03-16-2026 20:28:41.028,1324,RECV,AA0083080000000000000000BBAA0551056300000001BB
03-16-2026 20:28:41.028,1325,RECV,AA0081080000000000000000BBAA0083080000000000000000BBAA0085089FF780BD5FC8D6BDBBAA0087080000000000000000BBAA009708FFFFC74200000000BBAA0064050000000001BBAA0083080000000000000000BB
03-16-2026 20:28:41.028,1326,RECV,AA0083080000000000000000BBAA0551056300000001BBAA0083080000000000000000BBAA0064050000000001BB
03-16-2026 20:28:41.028,1327,RECV,AA0083080000000000000000BBAA0551056300000001BB
03-16-2026 20:28:41.028,1328,RECV,AA0081080000000000000000BBAA0083080000000000000000BBAA0085087F5077BD9F9ACEBDBBAA0087080000000000000000BBAA009708FFFFC74200000000BBAA0064050000000001BBAA0083080000000000000000BB
03-16-2026 20:28:41.028,1329,RECV,AA0083080000000000000000BBAA0551056300000001BBAA0083080000000000000000BBAA0064050000000001BB
03-16-2026 20:28:41.028,1330,RECV,AA0083080000000000000000BBAA0551056300000001BB
03-16-2026 20:28:41.054,1331,RECV,AA0081080000000000000000BBAA0083080000000000000000BBAA008508DF0484BD1FD9CEBDBBAA0087080000000000000000BBAA009708FFFFC74200000000BBAA0064050000000001BBAA0083080000000000000000BB
03-16-2026 20:28:41.118,1332,RECV,AA0083080000000000000000BBAA0551056300000001BBAA0083080000000000000000BBAA0064050000000001BB
03-16-2026 20:28:42.036,1333,RECV,AA0083080000000000000000BBAA0551056300000001BB
03-16-2026 20:28:42.039,1334,RECV,AA0081080000000000000000BBAA0083080000000000000000BBAA0085087FCD77BD5FF20000BBAA0087080000000000000000BBAA009708FFFFC74200000000BBAA0064050000000001BBAA0083080000000000000000BB
03-16-2026 20:28:42.039,1335,RECV,AA0083080000000000000000BBAA0551056300000001BB
03-16-2026 20:28:42.039,1336,RECV,AA0083080000000000000000BBAA0083080000000000000000BB
03-16-2026 20:28:42.039,1337,RECV,AA0551056300000001BBAA00800803400000ED05CC2FBBAA008208B6D6534100000000BBAA0084080000000000000000BBAA0086080000000000000000BBAA00880860F3BA3CB4DB6F41BBAA008B0840089C40643CB741BBAA008D08F305B74400000000BBAA009708FFFFC74200000000BBAA0064050000000001BB
03-16-2026 20:28:42.039,1338,RECV,AA0083080000000000000000BBAA0083080000000000000000BBAA0551056300000001BB
03-16-2026 20:28:42.039,1339,RECV,AA006405000000000000AA0083080000000000000000BB
03-16-2026 20:28:42.039,1340,RECV,AA0551056300000001BBAA0081080000000000000000BBAA0083080000000000000000BBAA0085083FA279BDBFFACBBDBBAA0087080000000000000000BBAA009708FFFFC74200000000BBAA0064050000000001BB
03-16-2026 20:28:42.039,1341,RECV,AA0083080000000000000000BBAA0083080000000000000000BBAA0551056300000001BB
03-16-2026 20:28:42.039,1342,RECV,AA0064050000000001BBAA0083080000000000000000BB
03-16-2026 20:28:42.039,1343,RECV,AA0083080000000000000000BBAA0551056300000001BBAA0081080000000000000000BBAA0083080000000000000000BBAA008508FEDB7FBD5F87CCBDBBAA0087080000000000000000BBAA009708FFFFC74200000000BBAA0064050000000001BB
03-16-2026 20:28:42.039,1344,RECV,AA0083080000000000000000BBAA0083080000000000000000BBAA0551056300000001BB
03-16-2026 20:28:42.039,1345,RECV,AA0064050000000001BBAA0083080000000000000000BB
03-16-2026 20:28:42.039,1346,RECV,AA0083080000000000000000BBAA0551056300000001BB
03-16-2026 20:28:42.073,1347,RECV,AA0081080000000000000000BBAA0083080000000000000000BBAA008508FFE181BD1FEBCBBDBBAA0087080000000000000000BBAA009708FFFFC74200000000BBAA0064050000000001BBAA0083080000000000000000BB
03-16-2026 20:28:43.012,1348,RECV,AA0083080000000000000000BBAA0551056300000001BBAA0064050000000001BBAA0083080000000000000000BB
03-16-2026 20:28:43.012,1349,RECV,AA0083080000000000000000BBAA0551056300000001BB
03-16-2026 20:28:43.012,1350,RECV,AA0081080000000000000000BBAA0083080000000000000000BBAA008508BEC27EBD1F44D2BDBBAA0087080000000000000000BBAA009708FFFFC74200000000BBAA0064050000000001BBAA0083080000000000000000BB
03-16-2026 20:28:43.012,1351,RECV,AA0083080000000000000000BBAA0551056300000001BBAA0064050000000001BBAA0083080000000000000000BB
03-16-2026 20:28:43.012,1352,RECV,AA0083080000000000000000BBAA0551056300000001BB
03-16-2026 20:28:43.012,1353,RECV,AA00800803400000ED050000BBAA008208E8ED534100000000BBAA00840800000000000000BDBBAA0086080000000000000000BBAA008808609BB83CA1D76F41BBAA008B0840089C40643CB741BBAA008D08F305B74400000000BBAA009708FFFFC74200000000BBAA0064050000000001BBAA0083080000000000000000BB
03-16-2026 20:28:43.012,1354,RECV,AA0083080000000000000000BBAA0551056300000001BBAA0064050000000001BBAA0083080000000000000000BB
03-16-2026 20:28:43.012,1355,RECV,AA0083080000000000000000BBAA0551056300000001BB
03-16-2026 20:28:43.012,1356,RECV,AA0081080000000000000000BBAA0083080000000000000000BBAA0085085FD281BD5FD4D400BBAA0087080000000000000000BBAA009708FFFFC74200000000BBAA0064050000000001BBAA0083080000000000000000BB
03-16-2026 20:28:43.012,1357,RECV,AA0083080000000000000000BBAA0551056300000001BB
03-16-2026 20:28:43.012,1358,RECV,AA0064050000000001BBAA0083080000000000000000BBAA0083080000000000000000BB
03-16-2026 20:28:43.012,1359,RECV,AA0551056300000001BBAA0081080000000000000000BBAA0083080000000000000000BBAA008508DF2793BDBF59D1BDBBAA0087080000000000000000BBAA009708FFFFC74200000000BBAA0064050000000001BBAA0083080000000000000000BB
03-16-2026 20:28:43.012,1360,RECV,AA0083080000000000000000BBAA0551056300000001BB
03-16-2026 20:28:43.012,1361,RECV,AA0064050000000001BBAA0083080000000000000000BBAA0083080000000000000000BB
03-16-2026 20:28:43.028,1362,RECV,AA0551056300000001BBAA0081080000000000000000BBAA0083080000000000000000BBAA0085087FC091BD3F33CDBDBBAA0087080000000000000000BBAA009708FFFFC74200000000BBAA0064050000000001BB
03-16-2026 20:28:43.091,1363,RECV,AA0083080000000000000000BBAA0083080000000000000000BB
03-16-2026 20:28:43.967,1364,RECV,AA0551056300000001BBAA0064050000000001BBAA0083080000000000000000BB
03-16-2026 20:28:43.978,1365,RECV,AA0083080000000000000000BBAA0551056300000001BBAA0081080000000000000000BBAA0083080000000000000000BBAA0085087FFB9CBD1F80C8BDBBAA0087080000000000000000BBAA009708FFFFC74200000000BB
03-16-2026 20:28:43.978,1366,RECV,AA0083080000000000000000BBAA0083080000000000000000BB
03-16-2026 20:28:43.978,1367,RECV,AA0551056300000001BBAA0064050000000001BBAA0083080000000000000000BB
03-16-2026 20:28:43.978,1368,RECV,AA0083080000000000000000BB
03-16-2026 20:28:43.978,1369,RECV,AA055105630000000105AA0081080000000000000000BBAA0083080000000000000000BBAA0085087F618CBDDFADD0BDBBAA0087080000000000000000BBAA008908F7ECED3F5AD15340BBAA008C0874FDC24100000000BBAA008E083B98153D00000000BBAA0064050000000001BBAA0083080000000000000000BBAA0083080000000000000000BB
03-16-2026 20:28:43.978,1370,RECV,AA0551056300000001BBAA0064050000000001BBAA0083080000000000000000BB
03-16-2026 20:28:43.978,1371,RECV,AA0083080000000000000000BBAA055105630000000000AA00820839D6534100000000BBAA0084080000000000000000BBAA0086080000000000000000BBAA00
03-16-2026 20:28:43.978,1372,RECV,64050000000001BBAA0083080000000000000000BB
03-16-2026 20:28:43.978,1373,RECV,AA0083080000000000000000BBAA0551056300000001BBAA0064050000000001BBAA0083080000000000000000BB
03-16-2026 20:28:43.978,1374,RECV,AA0083080000000000000000BB
03-16-2026 20:28:43.978,1375,RECV,AA0081080000000001BB0000BBAA0083080000000000000000BBAA0085087E387BBD5F87CCBDBBAA0087080000000000000000BBAA0064050000000001BBAA009708FFFFC74200000000BBAA0083080000000000000000BB
03-16-2026 20:28:43.978,1376,RECV,AA0083080000000000000000BBAA0551056300000001BBAA0064050000000001BBAA0083080000000000000000BB
03-16-2026 20:28:43.983,1377,RECV,AA0083080000000000000000BB
03-16-2026 20:28:44.047,1378,RECV,AA0081080000000000000000BBAA055105630000000000AA0084080000000000000000BBAA0086080000000000000000BBAA0064050000000001BBAA009708FFFFC74200000000BBAA0083080000000000000000BB
03-16-2026 20:28:44.934,1379,RECV,AA0083080000000000000000BBAA0551056300000001BB
03-16-2026 20:28:44.934,1380,RECV,AA0064050000000001BBAA0083080000000000000000BBAA0083080000000000000000BB
03-16-2026 20:28:44.934,1381,RECV,AA0081080000000000000000BBAA0083080000000001BB0000BBAA008508BFBC82BDFF19CCBDBBAA0087080000000000000000BBAA0064050000000001BBAA009708FFFFC74200000000BBAA0083080000000000000000BB
03-16-2026 20:28:44.934,1382,RECV,AA0083080000000000000000BBAA0551056300000001BBAA0064050000000001BB
03-16-2026 20:28:44.934,1383,RECV,AA0083080000000000000000BBAA0083080000000000000000BB
03-16-2026 20:28:44.934,1384,RECV,AA00800803400000ED05CC00BBAA00820870E7534100000000BBAA0084080000000001BB0000BBAA0086080000000000000000BBAA008808E00BB93C4CD96F41BBAA00640540089C40643CAA008C08F412C34100000000BBAA008E083B98153D00000000BB
03-16-2026 20:28:44.934,1385,RECV,AA0083080000000000000000BBAA0083080000000000000000BB
03-16-2026 20:28:44.944,1386,RECV,AA0551056300000001BBAA0064050000000001BBAA0083080000000000000000BBAA0083080000000000000000BB
03-16-2026 20:28:44.944,1387,RECV,AA0081080000000000000000BBAA0083080000000000000000BBAA0085089FF7000001BBD5BDBBAA0087080000000000000000BBAA0064050000000001BBAA009708FFFFC74200000000BB
03-16-2026 20:28:44.944,1388,RECV,AA0083080000000000000000BBAA0083080000000000000000BB
03-16-2026 20:28:44.944,1389,RECV,AA0551056300000001BBAA0064050000000001BBAA0083080000000000000000BB
03-16-2026 20:28:44.944,1390,RECV,AA0083080000000000000000BB
03-16-2026 20:28:44.944,1391,RECV,AA0081080000000000000000BBAA0083080000000000000000BBAA0085083E907CBD1FD9CEBDBBAA055105630000000000AA0064050000000001BBAA009708FFFFC74200000000BBAA0083080000000000000000BB
03-16-2026 20:28:44.944,1392,RECV,AA0083080000000000000000BBAA0551056300000001BBAA0064050000000001BBAA0083080000000000000000BB
03-16-2026 20:28:44.997,1393,RECV,AA0083080000000000000000BB
03-16-2026 20:28:45.855,1394,RECV,AA0081080000000000000000BBAA0083080000000000000000BBAA0085089FD985BD3FAACEBDBBAA0087080000000001BB0000BBAA009708FFFFC74200000000BBAA0083080000000000000000BB
03-16-2026 20:28:45.855,1395,RECV,AA0083080000000000000000BBAA0064050000000001BBAA0083080000000000000000BB
03-16-2026 20:28:45.855,1396,RECV,AA0083080000000000000000BB
03-16-2026 20:28:45.855,1397,RECV,AA0081080000000000000000BBAA0083080000000000000000BBAA0085087EBB7ABD1FD3CFBDBBAA006405000000000000AA0551056300000001BBAA009708FFFFC74200000000BBAA0083080000000000000000BB
03-16-2026 20:28:45.855,1398,RECV,AA0083080000000000000000BBAA0064050000000001BBAA0551056300000001BBAA0083080000000000000000BB
03-16-2026 20:28:45.855,1399,RECV,AA0083080000000000000000BB
03-16-2026 20:28:45.855,1400,RECV,AA00800803400000ED000000BBAA00820819EB534100000000BBAA0084080000000000000000BBAA006405000000000000AA0087080000000000000000BBAA008908B3EC000001BB5340BBAA008C087028C34100000000BBAA008E083B98153D00000000BBAA0083080000000000000000BB
03-16-2026 20:28:45.855,1401,RECV,AA0083080000000000000000BBAA0064050000000001BBAA0551056300000001BB
03-16-2026 20:28:45.855,1402,RECV,AA0083080000000000000000BBAA0083080000000000000000BB
03-16-2026 20:28:45.855,1403,RECV,AA0081080000000000000000BBAA0083080000000000000000BBAA006405FEE77DBD9FA6AA0086080000000000000000BBAA0551056300000001BBAA009708FFFFC74200000000BBAA0083080000000000000000BB
03-16-2026 20:28:45.855,1404,RECV,AA0083080000000000000000BBAA0064050000000001BB
03-16-2026 20:28:45.855,1405,RECV,AA0551056300000001BBAA0083080000000000000000BBAA0083080000000000000000BB
03-16-2026 20:28:45.855,1406,RECV,AA0081080000000000000000BBAA0083080000000000000000BBAA008508BE3F7FBD7F46CFBDBBAA0087080000000000000000BBAA0551056300000001BBAA009708FFFFC74200000000BB
03-16-2026 20:28:45.888,1407,RECV,AA0083080000000000000000BBAA0083080000000000000000BB
03-16-2026 20:28:46.792,1408,RECV,AA0064050000000001BBAA0551056300000001BBAA0083080000000000000000BB
03-16-2026 20:28:46.792,1409,RECV,AA0083080000000000000000BBAA0081080000000000000000BBAA0083080000000001BB0000BBAA008508FF8279BD7F2ED3BDBBAA0087080000000000000000BBAA0551056300000001BBAA009708FFFFC74200000000BB
03-16-2026 20:28:46.792,1410,RECV,AA0083080000000000000000BBAA0083080000000000000000BB
03-16-2026 20:28:46.792,1411,RECV,AA0064050000000001BBAA0551056300000001BBAA0083080000000000000000BB
03-16-2026 20:28:46.792,1412,RECV,AA0083080000000000000000BB
03-16-2026 20:28:46.792,1413,RECV,AA0081080000000000000000BBAA0064050000000001BBAA0084080000000000000000BBAA0086080000000000000000BBAA055105630000420000AA0083080000000000000000BB
03-16-2026 20:28:46.792,1414,RECV,AA0083080000000000000000BBAA0064050000000001BBAA0551056300000001BBAA0083080000000000000000BB
03-16-2026 20:28:46.792,1415,RECV,AA0083080000000000000000BB
03-16-2026 20:28:46.792,1416,RECV,AA00800803400000ED05CC00BBAA0082087FF4534100000000BBAA0084080000000000000000BBAA0086080000000000000000BBAA008808606CBA3C6FDA6F41BBAA008B0840089C40643CB741BBAA008D08F305B74400000000BBAA009708FFFFC74200BB0000BBAA0083080000000000000000BB
03-16-2026 20:28:46.792,1417,RECV,AA0083080000000000000000BBAA0064050000000001BBAA0551056300000001BBAA0083080000000000000000BB
03-16-2026 20:28:46.792,1418,RECV,AA0083080000000000000000BB
03-16-2026 20:28:46.792,1419,RECV,AA0064050000000001BBAA00820811E2534100000000BBAA0084080000000000000000BBAA0086080000000000000000BBAA009708FFFFC74200000000BBAA0551056300000001BBAA0083080000000000000000BB
03-16-2026 20:28:46.792,1420,RECV,AA0083080000000000000000BBAA0064050000000001BBAA0551056300000001BBAA0083080000000000000000BB
03-16-2026 20:28:46.792,1421,RECV,AA0083080000000000000000BB
03-16-2026 20:28:46.840,1422,RECV,AA0064050000000001BBAA0081080000000000000000BBAA0083080000000000000000BBAA0085087FC179BD5FDAD3BDBBAA0087080000000000000000BBAA009708FFFFC74200000000BBAA0551056300000001BBAA0083080000000000000000BB
03-16-2026 20:28:47.714,1423,RECV,AA0083080000000000000000BBAA0064050000000001BB
03-16-2026 20:28:47.718,1424,RECV,AA0551056300000001BBAA0083080000000000000000BBAA0083080000000000000000BB
03-16-2026 20:28:47.718,1425,RECV,AA0064050000000001BBAA0081080000000000000000BBAA0083080000000000000000BBAA0085083F0D80BD3F9ED0BDBBAA0087080000000000000000BBAA009708FFFFC74200000000BBAA0551056300000001BB
03-16-2026 20:28:47.718,1426,RECV,AA0083080000000000000000BBAA0083080000000000000000BB
03-16-2026 20:28:47.718,1427,RECV,AA0064050000000001BBAA0551056300000001BBAA0083080000000000000000BB
03-16-2026 20:28:47.718,1428,RECV,AA0083080000000000000000BBAA0064050000000001BBAA0081080000000000000000BBAA0083080000000000000000BBAA0085083E137CBDDFD7C9BDBBAA0087080000000000000000BBAA009708FFFFC74200000000BBAA0551056300000001BB
03-16-2026 20:28:47.718,1429,RECV,AA0083080000000000000000BBAA0083080000000000000000BB
03-16-2026 20:28:47.718,1430,RECV,AA0064050000000001BBAA0551056300000001BBAA0083080000000000000000BB
03-16-2026 20:28:47.718,1431,RECV,AA0083080000000000000000BBAA0064050000000001BBAA00800803400000ED05CC00BBAA00820814F1534100000000BBAA0084080000000000000000BBAA0086080000000000000000BB
03-16-2026 20:28:47.718,1432,RECV,AA008808000AB93C98D36F41BBAA008B0840089C400451B741BBAA008D08F305B74400000000BBAA009708FFFFC74200000000BBAA0551056300000001BBAA0083080000000000000000BB
03-16-2026 20:28:47.718,1433,RECV,AA0083080000000000000000BBAA0064050000000001BBAA0551056300000001BBAA0083080000000000000000BB
03-16-2026 20:28:47.718,1434,RECV,AA0083080000000000000000BBAA0064050000000001BB
03-16-2026 20:28:47.718,1435,RECV,AA0081080000000000000000BBAA0083080000000000000000BBAA0085083E1F7ABD1FE5CCBDBBAA0087080000000000000000BBAA009708FFFFC74200000000BBAA0551056300000001BBAA0083080000000000000000BB
03-16-2026 20:28:47.728,1436,RECV,AA0083080000000000000000BBAA0064050000000001BBAA0551056300000001BBAA0083080000000000000000BB
03-16-2026 20:28:47.792,1437,RECV,AA0083080000000000000000BBAA0064050000000001BB
03-16-2026 20:28:48.590,1438,RECV,AA0081080000000000000000BBAA0083080000000000000000BBAA008508FEF37BBD3F9ED0BDBBAA0087080000000000000000BBAA009708FFFFC74200000000BBAA0551056300000001BBAA0083080000000000000000BB
03-16-2026 20:28:48.592,1439,RECV,AA0083080000000000000000BBAA0064050000000001BBAA0551056300000001BB
03-16-2026 20:28:48.592,1440,RECV,AA0083080000000000000000BB
03-16-2026 20:28:48.592,1441,RECV,AA0064050000000001BBAA0081080000000000000000BBAA0083080000000000000000BBAA008508FF5883BD7F40D0BDBBAA0087080000000000000000BBAA009708FFFFC74200000000BBAA0551056300000001BBAA0083080000000000000000BB
03-16-2026 20:28:48.592,1442,RECV,AA0083080000000000000000BBAA0064050000000001BB
03-16-2026 20:28:48.594,1443,RECV,AA0083080000000001BB0000BBAA0083080000000000000000BB
03-16-2026 20:28:48.594,1444,RECV,AA0064050000000001BBAA0081080000000000000000BBAA0083080000000000000000BBAA008508BECE7CBD7F28D4BDBBAA0087080000000000000000BBAA009708FFFFC74200000000BBAA0551056300000001BBAA0083080000000000000000BB
03-16-2026 20:28:48.594,1445,RECV,AA0083080000000000000000BBAA0064050000000001BB
03-16-2026 20:28:48.594,1446,RECV,AA0083080000000000000000BBAA0551056300000001BBAA0083080000000000000000BB
03-16-2026 20:28:48.594,1447,RECV,AA0064050000000001BBAA00800803400000ED05CC00BBAA008208E3F3534100000000BBAA0083080000000000000000BBAA0085083FA279BD5F69D1BDBBAA0087080000000000000000BBAA0089086CE8ED3F09CF5340BBAA008C08E893C34100000000BBAA008E083B98153D00000000BBAA0551056300000001BB
03-16-2026 20:28:48.594,1448,RECV,AA0083080000000000000000BBAA0083080000000000000000BBAA0064050000000001BB
03-16-2026 20:28:48.594,1449,RECV,AA0083080000000000000000BBAA0551056300000001BBAA0083080000000000000000BB
03-16-2026 20:28:48.620,1450,RECV,AA0064050000000001BBAA0081080000000000000000BBAA0083080000000000000000BBAA0085087F2C80BD9F82D2BDBBAA0087080000000000000000BBAA009708FFFFC74200000000BBAA0551056300000001BB
03-16-2026 20:28:48.682,1451,RECV,AA0083080000000000000000BBAA0083080000000000000000BBAA0064050000000001BB
03-16-2026 20:28:49.522,1452,RECV,AA0083080000000000000000BBAA0551056300000001BB
03-16-2026 20:28:49.522,1453,RECV,AA0083080000000000000000BBAA0064050000000001BB
03-16-2026 20:28:49.522,1454,RECV,AA0081080000000000000000BBAA0083080000000000000000BBAA008508FE647EBD3F27CFBDBBAA0087080000000000000000BBAA009708FFFFC74200000000BBAA0551056300000001BBAA0083080000000000000000BB
03-16-2026 20:28:49.522,1455,RECV,AA0083080000000000000000BBAA0064050000000001BBAA0083080000000000000000BBAA0551056300000001BB
03-16-2026 20:28:49.522,1456,RECV,AA0083080000000000000000BBAA0064050000000001BB
03-16-2026 20:28:49.522,1457,RECV,AA0081080000000000000000BBAA0083080000000000000000BBAA008508DF8D82BD7F5ECBBDBBAA0087080000000000000000BBAA009708FFFFC74200000000BBAA0551056300000001BBAA0083080000000000000000BB
03-16-2026 20:28:49.522,1458,RECV,AA0083080000000000000000BBAA0064050000000001BBAA0083080000000000000000BB
03-16-2026 20:28:49.522,1459,RECV,AA0551056300000001BBAA0083080000000000000000BBAA0064050000000001BB
03-16-2026 20:28:49.522,1460,RECV,AA0081080000000000000000BBAA0083080000000000000000BBAA0085087F9184BD3FA4CFBDBBAA0087080000000000000000BBAA009708FFFFC74200000000BBAA0551056300000001BBAA0083080000000000000000BB
03-16-2026 20:28:49.538,1461,RECV,AA0083080000000000000000BBAA0064050000000001BBAA0083080000000000000000BB
03-16-2026 20:28:49.538,1462,RECV,AA0551056300000001BBAA0083080000000000000000BBAA0064050000000001BB
03-16-2026 20:28:49.538,1463,RECV,AA00800803400000ED05CC2FBBAA0082087CFF534100000000BBAA0084080000000000000000BBAA0086080000000000000000BBAA008808A0FDBB3C8BD86F41BBAA008B0840089C400451B741BBAA008D08F305B74400000000BBAA009708FFFFC74200000000BBAA0551056300000001BBAA0083080000000000000000BB
03-16-2026 20:28:49.538,1464,RECV,AA0083080000000000000000BBAA0064050000000001BB
03-16-2026 20:28:49.570,1465,RECV,AA0083080000000000000000BBAA055105630000000DBBAA0083080000000000000000BB
03-16-2026 20:28:49.634,1466,RECV,AA0064050000000001BBAA0081080000000000000000BBAA0083080000000000000000BBAA0085081F3C80BDBFE8CEBDBBAA0087080000000000000000BBAA009708FFFFC74200000000BBAA055105630000000DBBAA0083080000000000000000BB
03-16-2026 20:28:50.462,1467,RECV,AA0083080000000000000000BBAA0064050000000001BB
03-16-2026 20:28:50.469,1468,RECV,AA0083080000000000000000BBAA055105630000000DBBAA0083080000000000000000BB
03-16-2026 20:28:50.469,1469,RECV,AA0064050000000001BBAA0081080000000000000000BBAA0083080000000000000000BBAA0085087EAF7CBD5F87CCBDBBAA0087080000000000000000BBAA009708FFFFC74200000000BB
03-16-2026 20:28:50.469,1470,RECV,AA055105630000000DBBAA0083080000000000000000BBAA0083080000000000000000BBAA0064050000000001BB
03-16-2026 20:28:50.469,1471,RECV,AA0083080000000000000000BBAA055105630000000DBB
03-16-2026 20:28:50.469,1472,RECV,AA0083080000000000000000BBAA0064050000000001BBAA0081080000000000000000BBAA0083080000000000000000BBAA0085089F7A80BD1F56CFBDBBAA0087080000000000000000BBAA009708FFFFC74200000000BB
03-16-2026 20:28:50.469,1473,RECV,AA055105630000000DBBAA0083080000000000000000BBAA0083080000000000000000BB
03-16-2026 20:28:50.469,1474,RECV,AA0083080000000000000000BBAA055105630000000DBB
03-16-2026 20:28:50.469,1475,RECV,AA0083080000000000000000BBAA0064050000000001BB
03-16-2026 20:28:50.469,1476,RECV,AA0081080000000000000000BBAA0083080000000000000000BBAA008508FFFF79BD9FB8C9BDBBAA0087080000000000000000BBAA009708FFFFC74200000000BBAA055105630000000DBBAA0083080000000000000000BB
03-16-2026 20:28:50.469,1477,RECV,AA0083080000000001BB0000BBAA0083080000000000000000BBAA055105630000000DBB
03-16-2026 20:28:50.469,1478,RECV,AA0083080000000000000000BBAA0064050000000001BB
03-16-2026 20:28:50.469,1479,RECV,AA00800803400000ED000000BBAA00820826EE534100000000BBAA0084080000000000000000BBAA0086080000000000000000BBAA00880860E5B93C2ED36F41BBAA008B0840089C40A465B741BBAA008D08F305B74400000000BBAA009708FFFFC74200000000BBAA055105630000000DBBAA0083080000000000000000BB
03-16-2026 20:28:50.526,1480,RECV,AA0064050000000001BBAA0083080000000000000000BBAA0083080000000000000000BB
03-16-2026 20:28:51.367,1481,RECV,AA055105630000000DBBAA0083080000000000000000BBAA0064050000000001BB
03-16-2026 20:28:51.375,1482,RECV,AA0081080000000000000000BBAA0083080000000000000000BBAA0085083E7E7FBD7FD5CCBDBBAA0087080000000000000000BBAA009708FFFFC74200000000BBAA055105630000000DBBAA0083080000000000000000BB
03-16-2026 20:28:51.375,1483,RECV,AA0064050000000001BBAA0083080000000000000000BBAA0083080000000000000000BB
03-16-2026 20:28:51.375,1484,RECV,AA055105630000000DBBAA0083080000000000000000BBAA0064050000000001BB
03-16-2026 20:28:51.375,1485,RECV,AA0081080000000000000000BBAA0083080000000000000000BBAA0085087E9D7FBDFF78D1BDBBAA0087080000000000000000BBAA009708FFFFC74200000000BBAA055105630000000DBBAA0083080000000000000000BB
03-16-2026 20:28:51.375,1486,RECV,AA0064050000000001BBAA0083080000000000000000BB
03-16-2026 20:28:51.375,1487,RECV,AA0083080000000000000000BBAA055105630000000DBBAA0083080000000000000000BB
03-16-2026 20:28:51.375,1488,RECV,AA0064050000000001BBAA0081080000000000000000BBAA0083080000000000000000BBAA008508BFEC77BD7F5ECBBDBBAA0087080000000000000000BBAA009708FFFFC74200000000BBAA055105630000000DBBAA0083080000000000000000BB
03-16-2026 20:28:51.375,1489,RECV,AA0064050000000001BBAA0083080000000000000000BB
03-16-2026 20:28:51.375,1490,RECV,AA0083080000000000000000BBAA055105630000000DBBAA0083080000000000000000BB
03-16-2026 20:28:51.375,1491,RECV,AA0064050000000001BBAA0081080000000000000000BBAA0083080000000000000000BBAA0085087E387BBD5FFECDBDBBAA0087080000000000000000BBAA009708FFFFC74200000000BB
03-16-2026 20:28:51.375,1492,RECV,AA055105630000000DBBAA0083080000000000000000BBAA0064050000000001BBAA0083080000000000000000BB
03-16-2026 20:28:51.375,1493,RECV,AA0083080000000000000000BBAA0551056300000001BB
03-16-2026 20:28:51.415,1494,RECV,AA0083080000000000000000BBAA0064050000000001BBAA00800803400000ED05CC00BBAA0082087ED5534100000000BBAA0084080000000000000000BBAA0086080000000000000000BBAA0088082090B8
03-16-2026 20:28:52.222,1495,RECV,3C7DD36F41BBAA008B0840089C40A465B741BBAA008D08F305B74400000000BBAA009708FFFFC74200000000BBAA0551056300000001BBAA0083080000000000000000BBAA0064050000000001BBAA0083080000000000000000BB
03-16-2026 20:28:52.227,1496,RECV,AA0083080000000000000000BBAA0551056300000001BB
03-16-2026 20:28:52.227,1497,RECV,AA0083080000000000000000BBAA0064050000000001BBAA0081080000000000000000BBAA0083080000000000000000BBAA008508FE647EBD7FC3CFBDBBAA0087080000000000000000BB
03-16-2026 20:28:52.227,1498,RECV,AA009708FFFFC74200000000BBAA0551056300000001BBAA0083080000000000000000BBAA0064050000000001BB
03-16-2026 20:28:52.227,1499,RECV,AA0083080000000000000000BBAA0083080000000000000000BBAA0551
03-16-2026 20:28:52.227,1500,RECV,056300000001BBAA0083080000000000000000BBAA0064050000000001BB
03-16-2026 20:28:52.227,1501,RECV,AA0081080000000000000000BBAA0083080000000000000000BBAA0085087EA37EBDDF18D4BDBBAA0087080000000000000000BBAA009708FFFFC74200000000BBAA055105000000000000
03-16-2026 20:28:52.227,1502,RECV,AA0064050000000001BBAA0083080000000000000000BBAA0083080000000000000000BB
03-16-2026 20:28:52.227,1503,RECV,AA0551056300000001BBAA0083080000000000000000BBAA0064050000000001BB
03-16-2026 20:28:52.227,1504,RECV,AA0081080000000000000000BBAA0083080000000000000000BBAA0085089FD985BDFF07CFBDBBAA0087080000000000000000BBAA009708FFFFC74200000000BBAA0083080000000000000000BB
03-16-2026 20:28:52.227,1505,RECV,AA0064050000000001BBAA0083080000000000000000BBAA0083080000000000000000BB
03-16-2026 20:28:52.227,1506,RECV,AA055105630000000DBBAA0083080000000000000000BBAA0064050000000001BB
03-16-2026 20:28:52.242,1507,RECV,AA0081080000000000000000BBAA0083080000000000000000BBAA008508FFDB82BD9FACCBBDBBAA0087080000000000000000BBAA009708FFFFC74200000000BBAA008308000000
03-16-2026 20:28:52.306,1508,RECV,0000000000BBAA055105630000000DBBAA0064050000000001BBAA0083080000000000000000BB
03-16-2026 20:28:53.112,1509,RECV,AA0083080000000000000000BBAA055105630000000DBBAA0083080000000000000000BBAA0064050000000001BB
03-16-2026 20:28:53.116,1510,RECV,AA00800803400000ED05CC00BBAA00820887F8534100000000BBAA0084080000000000000000BBAA0086080000000000000000BBAA008808C0A3B93CE5D56F41BBAA008B0840089C40A465B741BBAA008D08F305B74400000000BBAA009708FFFFC74200000000BB
03-16-2026 20:28:53.118,1511,RECV,AA0083080000000000000000BBAA055105630000000DBBAA0064050000000001BBAA0083080000000000000000BB
03-16-2026 20:28:53.118,1512,RECV,AA0083080000000000000000BBAA055105630000000DBBAA0083080000000000000000BB
03-16-2026 20:28:53.118,1513,RECV,AA0064050000000001BBAA0081080000000000000000BBAA0083080000000000000000BBAA0085083E907CBD5F87CCBDBBAA0087080000000000000000BBAA009708FFFFC74200000000BB
03-16-2026 20:28:53.119,1514,RECV,AA0083080000000000000000BBAA055105630000000DBBAA0064050000000001BBAA0083080000000000000000BB
03-16-2026 20:28:53.119,1515,RECV,AA0083080000000000000000BBAA055105630000000DBB
03-16-2026 20:28:53.119,1516,RECV,AA0083080000000000000000BBAA0064050000000001BB
03-16-2026 20:28:53.120,1517,RECV,AA0081080000000000000000BBAA0083080000000000000000BBAA0085083FB476BD3F8CD3BDBBAA0087080000000000000000BBAA009708FFFFC74200000000BBAA0083080000000000000000BBAA0551056300000001BBAA0064050000000001BB
03-16-2026 20:28:53.120,1518,RECV,AA0083080000000000000000BBAA0083080000000000000000BB
03-16-2026 20:28:53.120,1519,RECV,AA0551056300000001BBAA0083080000000000000000BBAA0064050000000001BB
03-16-2026 20:28:53.120,1520,RECV,AA0081080000000000000000BBAA0083080000000000000000BBAA0085089FDF84BD3F39CCBDBBAA0087080000000000000000BBAA009708FFFFC74200000000BBAA0083080000000000000000BBAA0551056300000001BBAA0064050000000001BB
03-16-2026 20:28:53.129,1521,RECV,AA0083080000000000000000BBAA0083080000000000000000BB
03-16-2026 20:28:53.191,1522,RECV,AA0551056300000001BBAA0083080000000000000000BBAA0064050000000001BB
03-16-2026 20:28:53.959,1523,RECV,AA0081080000000000000000BBAA0083080000000000000000BBAA0085087F5077BD7F1CD6BDBBAA0087080000000000000000BBAA009708FFFFC74200000000BBAA0083080000000000000000BBAA0551056300000001BB
03-16-2026 20:28:53.959,1524,RECV,AA0064050000000001BBAA0083080000000000000000BBAA0083080000000000000000BB
03-16-2026 20:28:53.959,1525,RECV,AA0551056300000001BBAA0083080000000000000000BBAA0064050000000001BB
03-16-2026 20:28:53.959,1526,RECV,AA00800803400000ED050000BBAA00820826EE534100000000BBAA0084080000000000000000BBAA0086080000000000000000BBAA00880820EAB83C15D46F41BBAA008B0840089C40A465B741BBAA008D08F305B74400000000BBAA009708FFFFC74200000000BBAA0083080000000000000000BBAA0551056300000001BB
03-16-2026 20:28:53.959,1527,RECV,AA0064050000000001BBAA0083080000000000000000BB
03-16-2026 20:28:53.959,1528,RECV,AA0083080000000000000000BBAA0551056300000001BBAA0083080000000000000000BBAA0064050000000001BB
03-16-2026 20:28:53.959,1529,RECV,AA0081080000000000000000BBAA0083080000000000000000BBAA0085087E3E7ABD9F47C7BDBBAA0087080000000000000000BBAA009708FFFFC74200000000BBAA0083080000000000000000BB
03-16-2026 20:28:53.959,1530,RECV,AA0551056300000001BBAA0064050000000001BBAA0083080000000000000000BB
03-16-2026 20:28:53.959,1531,RECV,AA0083080000000000000000BBAA0551056300000001BBAA0083080000000000000000BBAA0064050000000001BB
03-16-2026 20:28:53.959,1532,RECV,AA0081080000000000000000BBAA0083080000000000000000BBAA008508FF0579BD7F2ED3BDBBAA0087080000000000000000BBAA009708FFFFC74200000000BB
03-16-2026 20:28:53.959,1533,RECV,AA0083080000000000000000BBAA0551056300000001BBAA0064050000000001BBAA0083080000000000000000BB
03-16-2026 20:28:53.959,1534,RECV,AA0083080000000000000000BBAA0551056300000001BB
03-16-2026 20:28:54.007,1535,RECV,AA0083080000000000000000BBAA0064050000000001BB
03-16-2026 20:28:54.071,1536,RECV,AA0081080000000000000000BBAA0083080000000000000000BBAA008508BF7576BD5F63D2BDBBAA0087080000000000000000BBAA009708FFFFC74200000000BBAA0083080000000000000000BBAA0551056300000001BBAA0064050000000001BB
03-16-2026 20:28:54.838,1537,RECV,AA0083080000000000000000BBAA0083080000000000000000BB
03-16-2026 20:28:54.838,1538,RECV,AA0551056300000001BBAA0083080000000000000000BBAA0064050000000001BB
03-16-2026 20:28:54.838,1539,RECV,AA0081080000000000000000BBAA0083080000000000000000BBAA0085083E137CBD1FDFCDBDBBAA0087080000000000000000BBAA009708FFFFC74200000000BBAA0083080000000000000000BBAA0551056300000001BB
03-16-2026 20:28:54.838,1540,RECV,AA0064050000000001BBAA0083080000000000000000BBAA0083080000000000000000BB
03-16-2026 20:28:54.838,1541,RECV,AA0551056300000001BBAA0083080000000000000000BBAA0064050000000001BB
03-16-2026 20:28:54.838,1542,RECV,AA00800803400000ED05CC2FBBAA00820804F9534100000000BBAA0084080000000000000000BBAA0086080000000000000000BBAA008808208EBA3CACD56F41BBAA008B0840089C40A465B741BBAA008D08F305B74400000000BBAA009708FFFFC74200000000BBAA0083080000000000000000BB
03-16-2026 20:28:54.838,1543,RECV,AA0551056300000001BBAA0064050000000001BBAA0083080000000000000000BB
03-16-2026 20:28:54.838,1544,RECV,AA0083080000000000000000BBAA0551056300000001BBAA0083080000000001BB0000BB
03-16-2026 20:28:54.838,1545,RECV,AA0081080000000000000000BBAA0083080000000000000000BBAA008508FE707CBD5F87CCBDBBAA0087080000000000000000BBAA009708FFFFC74200000000BBAA0083080000000000000000BB
03-16-2026 20:28:54.838,1546,RECV,AA0551056300000001BBAA0064050000000001BBAA0083080000000000000000BB
03-16-2026 20:28:54.838,1547,RECV,AA0083080000000000000000BBAA0551056300000001BBAA006405000000000000
03-16-2026 20:28:54.838,1548,RECV,AA0081080000000000000000BBAA0083080000000000000000BBAA008508FF8878BD3F33CDBDBBAA0087080000000000000000BBAA009708FFFFC74200000000BBAA0083080000000000000000BB
03-16-2026 20:28:54.896,1549,RECV,AA0551056300000001BBAA0064050000000001BBAA0083080000000000000000BB
03-16-2026 20:28:55.792,1550,RECV,AA0083080000000000000000BBAA0551056300000001BBAA0064050000000001BBAA0083080000000000000000BB
03-16-2026 20:28:55.795,1551,RECV,AA0081080000000000000000BBAA0083080000000000000000BBAA008508BECE7CBD3F15D2BDBBAA0087080000000000000000BBAA009708FFFFC74200000000BB
03-16-2026 20:28:55.795,1552,RECV,AA0083080000000000000000BBAA0551056300000001BBAA0064050000000001BBAA0083080000000000000000BB
03-16-2026 20:28:55.795,1553,RECV,AA0083080000000000000000BB
03-16-2026 20:28:55.795,1554,RECV,AA0551056300000001BBAA0064050000000001BBAA0083080000000000000000BB
03-16-2026 20:28:55.795,1555,RECV,AA0081080000000000000000BBAA0083080000000000000000BBAA0085083F2579BDFF0DCEBDBBAA0087080000000000000000BBAA009708FFFFC74200000000BBAA0083080000000000000000BBAA0551056300000001BB
03-16-2026 20:28:55.795,1556,RECV,AA0083080000000000000000BBAA0083080000000000000000BB
03-16-2026 20:28:55.795,1557,RECV,AA0064050000000001BBAA0083080000000000000000BB
03-16-2026 20:28:55.795,1558,RECV,AA00800803400000ED05CC00BBAA008208E4F8534100000000BBAA0084080000000000000000BBAA0086080000000000000000BBAA0088088087BB3C56D36F41BBAA008B0840089C40A465B741BBAA008D08F305B74400000000BBAA009708FFFFC74200000000BBAA0083080000000000000000BBAA0064050000000001BBAA0551056300000001BB
03-16-2026 20:28:55.795,1559,RECV,AA0083080000000000000000BBAA0083080000000000000000BB
03-16-2026 20:28:55.798,1560,RECV,AA0064050000000001BBAA0551056300000001BBAA0083080000000000000000BB
03-16-2026 20:28:55.798,1561,RECV,AA0081080000000000000000BBAA0083080000000000000000BBAA0085087F2C80BD5F81CDBDBBAA0087080000000000000000BBAA009708FFFFC74200000000BBAA0083080000000000000000BBAA0064050000000001BBAA0551056300
03-16-2026 20:28:55.798,1562,RECV,000001BBAA0083080000000000000000BBAA0083080000000000000000BB
03-16-2026 20:28:55.798,1563,RECV,AA0064050000000001BBAA055105630000000000
03-16-2026 20:28:55.845,1564,RECV,AA0081080000000000000000BBAA0083080000000000000000BBAA0085087E2C7DBD3F8CD3BDBBAA0087080000000000000000BBAA009708FFFFC74200000000BBAA0083080000000000000000BB
03-16-2026 20:28:56.705,1565,RECV,AA0064050000000001BBAA0551056300000001BBAA0083080000000000000000BB
03-16-2026 20:28:56.706,1566,RECV,AA0083080000000000000000BBAA0064050000000001BBAA0083080000000001BB0000BB
03-16-2026 20:28:56.706,1567,RECV,AA0081080000000000000000BBAA0083080000000000000000BBAA0085087E3E7ABD5F7BCEBDBBAA0087080000000000000000BBAA009708FFFFC74200000000BBAA0083080000000000000000BB
03-16-2026 20:28:56.706,1568,RECV,AA0064050000000001BBAA0551056300000001BBAA0083080000000000000000BB
03-16-2026 20:28:56.706,1569,RECV,AA0083080000000000000000BBAA0064050000000001BBAA0083080000000000000000BBAA0551056300000001BB
03-16-2026 20:28:56.706,1570,RECV,AA0081080000000000000000BBAA0083080000000000000000BBAA0085081F3C80BD7FD5CCBDBBAA0087080000000000000000BBAA009708FFFFC74200000000BB
03-16-2026 20:28:56.706,1571,RECV,AA0083080000000000000000BBAA0064050000000001BBAA0551056300000001BBAA0083080000000000000000BB
03-16-2026 20:28:56.706,1572,RECV,AA0083080000000000000000BBAA0064050000000001BB
03-16-2026 20:28:56.706,1573,RECV,AA0083080000000000000000BBAA0551056300000001BBAA00800803400000ED05CC00BBAA008208DEDF534100000000BBAA0084080000000000000000BBAA008608000000
03-16-2026 20:28:56.706,1574,RECV,0000000000BBAA00880800A1B83CD3D26F41BBAA008B0840089C40447AB741BBAA008D08F305B74400000000BBAA009708FFFFC74200000000BBAA0083080000000000000000BBAA0064050000000001BBAA0551056300000001BBAA0083080000000000000000BB
03-16-2026 20:28:56.706,1575,RECV,AA0083080000000000000000BB
03-16-2026 20:28:56.706,1576,RECV,AA0064050000000001BBAA0083080000000000000000BBAA0551056300000001BBAA0081080000000000000000BBAA0083080000000000000000BBAA0085081FAD82BD7FC9CEBDBBAA0087080000000000000000BBAA00
03-16-2026 20:28:56.706,1577,RECV,9708FFFFC74200000000BBAA0083080000000000000000BBAA0064050000000001BBAA0551056300000001BB
03-16-2026 20:28:56.737,1578,RECV,AA0083080000000000000000BBAA0083080000000000000000BB
03-16-2026 20:28:56.800,1579,RECV,AA0064050000000001BBAA0083080000000000000000BBAA0551056300000001BB
03-16-2026 20:28:57.671,1580,RECV,AA0081080000000000000000BBAA0083080000000000000000BBAA008508FFE780BD3FBCCBBDBBAA0087080000000000000000BBAA009708FFFFC74200000000BBAA0083080000000000000000BBAA0064050000000001BBAA0551056300000001BB
03-16-2026 20:28:57.674,1581,RECV,AA0083080000000000000000BBAA0083080000000000000000BB
03-16-2026 20:28:57.674,1582,RECV,AA0064050000000001BBAA0083080000000000000000BBAA0551056300000001BB
03-16-2026 20:28:57.674,1583,RECV,AA0081080000000000000000BBAA0083080000000000000000BBAA008508DF0A83BDDF30D0BDBBAA0087080000000000000000BBAA009708FFFFC74200000000BBAA0083080000000000000000BBAA0064050000000001BB
03-16-2026 20:28:57.674,1584,RECV,AA0551056300000001BBAA0083080000000000000000BBAA0083080000000000000000BB
03-16-2026 20:28:57.674,1585,RECV,AA0064050000000001BBAA0083080000000000000000BBAA0551056300000001BB
03-16-2026 20:28:57.674,1586,RECV,AA0081080000000000000000BBAA0083080000000000000000BBAA0085083F0781BD3FBCCBBDBBAA0087080000000000000000BBAA009708FFFFC74200000000BBAA0083080000000000000000BB
03-16-2026 20:28:57.674,1587,RECV,AA0064050000000001BBAA0551056300000001BBAA0083080000000000000000BB
03-16-2026 20:28:57.674,1588,RECV,AA0083080000000000000000BBAA0064050000000001BBAA0083080000000000000000BBAA0551056300000001BB
03-16-2026 20:28:57.674,1589,RECV,AA00800803400000ED000000BBAA00820832EC534100000000BBAA0084080000000000000000BBAA0086080000000000000000BBAA00880840E8B83CCBD36F41BBAA008B0840089C40447AB741BBAA008D08F305B74400000000BBAA009708FFFFC74200000000BB
03-16-2026 20:28:57.674,1590,RECV,AA0083080000000000000000BBAA0064050000000001BBAA0551056300000001BBAA0083080000000000000000BB
03-16-2026 20:28:57.674,1591,RECV,AA0083080000000000000000BBAA0064050000000001BBAA0083080000000000000000BB
03-16-2026 20:28:57.674,1592,RECV,AA0551056300000001BBAA0081080000000000000000BBAA0083080000000000000000BBAA008508FEDB7FBD9F23CDBDBBAA0087080000000000000000BBAA009708FFFFC74200000000BB
03-16-2026 20:28:57.686,1593,RECV,AA0083080000000000000000BBAA0064050000000001BBAA0551056300000001BBAA0083080000000000000000BB
03-16-2026 20:28:57.749,1594,RECV,AA0083080000000000000000BBAA0064050000000001BB
03-16-2026 20:28:58.588,1595,RECV,AA0083080000000000000000BBAA0551056300000001BB
03-16-2026 20:28:58.591,1596,RECV,AA0081080000000000000000BBAA0083080000000000000000BBAA008508FE707CBD1F62CDBDBBAA0087080000000000000000BBAA009708FFFFC74200000000BBAA0083080000000000000000BBAA0064050000000001BBAA0551056300000001BB
03-16-2026 20:28:58.591,1597,RECV,AA0083080000000000000000BBAA0083080000000000000000BB
03-16-2026 20:28:58.591,1598,RECV,AA0064050000000001BBAA0083080000000000000000BBAA0551056300000001BB
03-16-2026 20:28:58.591,1599,RECV,AA0081080000000000000000BBAA0083080000000000000000BBAA008508BFE678BD5FE6D1BDBBAA0087080000000000000000BBAA009708FFFFC74200000000BBAA0083080000000000000000BBAA0064050000000001BBAA0551056300000001BB
03-16-2026 20:28:58.591,1600,RECV,AA0083080000000000000000BBAA0083080000000000000000BB
03-16-2026 20:28:58.591,1601,RECV,AA0064050000000001BBAA0083080000000000000000BBAA0551056300000001BB
03-16-2026 20:28:58.591,1602,RECV,AA0081080000000000000000BBAA0083080000000000000000BBAA008508FF0B78BD7F4CCEBDBBAA0087080000000000000000BBAA009708FFFFC74200000000BBAA0083080000000000000000BBAA0064050000000001BB
03-16-2026 20:28:58.591,1603,RECV,AA0551056300000001BBAA0083080000000000000000BBAA0083080000000000000000BB
03-16-2026 20:28:58.591,1604,RECV,AA0064050000000001BBAA0083080000000000000000BBAA0551056300000001BB
03-16-2026 20:28:58.591,1605,RECV,AA00800803400000ED050000BBAA008208B7F0534100000000BBAA0084080000000000000000BBAA0086080000000000000000BBAA008808605EB93CD7D26F41BBAA008B0840089C40447AB741BBAA008D08F305B74400000000BBAA009708FFFFC74200000000BBAA0083080000000000000000BBAA0064050000000001BB
03-16-2026 20:28:58.591,1606,RECV,AA0551056300000001BBAA0083080000000000000000BB
03-16-2026 20:28:58.591,1607,RECV,AA0083080000000000000000BBAA0064050000000001BBAA0083080000000000000000BBAA0551056300000001BB
03-16-2026 20:28:58.639,1608,RECV,AA0081080000000000000000BBAA0083080000000000000000BBAA0085087F2082BD7F52CDBDBBAA0087080000000000000000BBAA009708FFFFC74200000000BBAA0083080000000000000000BBAA00
03-16-2026 20:28:58.703,1609,RECV,64050000000001BBAA0551056300000001BBAA0083080000000000000000BB
03-16-2026 20:28:59.539,1610,RECV,AA0083080000000000000000BBAA0064050000000001BBAA0083080000000000000000BB
03-16-2026 20:28:59.544,1611,RECV,AA0551056300000001BBAA0081080000000000000000BBAA0083080000000000000000BBAA0085081FA783BDFF78D1BDBBAA0087080000000000000000BBAA009708FFFFC74200000000BBAA0083080000000001BB0000BB
03-16-2026 20:28:59.544,1612,RECV,AA0551056300000001BBAA0083080000000000000000BB
03-16-2026 20:28:59.544,1613,RECV,AA0083080000000000000000BBAA0064050000000001BB
03-16-2026 20:28:59.544,1614,RECV,AA0083080000000000000000BBAA0551056300000001BBAA0081080000000000000000BBAA0083080000000000000000BBAA0085081F2484BDBFC4D4BDBBAA0087080000000000000000BBAA009708FFFFC74200000000BB
03-16-2026 20:28:59.544,1615,RECV,AA006405000000000000AA0551056300000001BBAA0083080000000000000000BB
03-16-2026 20:28:59.544,1616,RECV,AA0083080000000000000000BBAA0064050000000001BB
03-16-2026 20:28:59.544,1617,RECV,AA0083080000000000000000BBAA0551056300000001BB
03-16-2026 20:28:59.544,1618,RECV,AA0081080000000000000000BBAA0083080000000000000000BBAA008508FF8878BD3F39CCBDBBAA0087080000000000000000BBAA009708FFFFC74200000000BBAA0064050000000001BBAA0083080000000000000000BB
03-16-2026 20:28:59.544,1619,RECV,AA0551056300000001BBAA0083080000000000000000BBAA0083080000000000000000BBAA0064050000000001BB
03-16-2026 20:28:59.544,1620,RECV,AA0083080000000000000000BBAA0551056300000001BB
03-16-2026 20:28:59.544,1621,RECV,AA00800803400000ED000000BBAA008208D3E6534100000000BBAA0084080000000000000000BBAA0086080000000000000000BBAA00880800BDBA3C43D56F41BBAA008B0840089C40447AB741BBAA008D08F305B74400000000BBAA009708FFFFC74200000000BBAA0064050000000001BBAA0083080000000000000000BB
03-16-2026 20:28:59.544,1622,RECV,AA0551056300000001BBAA0083080000000000000000BBAA0083080000000000000000BB
03-16-2026 20:28:59.592,1623,RECV,AA0064050000000001BBAA0083080000000000000000BBAA0551056300000001BB
03-16-2026 20:29:00.515,1624,RECV,AA0081080000000000000000BBAA0083080000000000000000BBAA008508DF1681BD7FCFCDBDBBAA0087080000000000000000BBAA009708FFFFC74200000000BBAA0064050000000001BBAA0083080000000000000000BB
03-16-2026 20:29:00.515,1625,RECV,AA0551056300000001BBAA0083080000000000000000BBAA0083080000000000000000BB
03-16-2026 20:29:00.515,1626,RECV,AA0064050000000001BBAA0083080000000000000000BBAA0551056300000001BB
03-16-2026 20:29:00.515,1627,RECV,AA0081080000000000000000BBAA0083080000000000000000BBAA0085087F8B85BD1FF1CABDBBAA0087080000000000000000BBAA009708FFFFC74200000000BBAA0064050000000001BBAA0083080000000000000000BB
03-16-2026 20:29:00.515,1628,RECV,AA055105630000000000
03-16-2026 20:29:00.515,1629,RECV,AA0083080000000000000000BBAA0064050000000001BBAA0083080000000000000000BB
03-16-2026 20:29:00.515,1630,RECV,AA0551056300000001BBAA0081080000000000000000BBAA0083080000000000000000BBAA0085083E137CBD3F4BC9BDBBAA0087080000000000000000BBAA009708FFFFC74200000000BBAA0064050000000001BBAA0083080000000000000000BB
03-16-2026 20:29:00.515,1631,RECV,AA0083080000000000000000BB
03-16-2026 20:29:00.515,1632,RECV,AA0083080000000000000000BBAA0064050000000001BBAA0083080000000000000000BB
03-16-2026 20:29:00.515,1633,RECV,AA0551056300000001BBAA0081080000000000000000BBAA0083080000000000000000BBAA0085083E967BBD9FF9D3BDBBAA0087080000000000000000BBAA009708FFFFC74200000000BB
03-16-2026 20:29:00.515,1634,RECV,AA0064050000000001BBAA0083080000000000000000BBAA0083080000000000000000BBAA0551056300000001BB
03-16-2026 20:29:00.515,1635,RECV,AA0083080000000000000000BBAA0064050000000001BB
03-16-2026 20:29:00.515,1636,RECV,AA0083080000000000000000BBAA0551056300000001BBAA0080080340000000000000BBAA0082085410544100000000BBAA0084080000000000000000BBAA0086080000000000000000
03-16-2026 20:29:00.515,1637,RECV,BBAA008808A0C1BB3CC9D96F41BBAA008B0840089C40447AB741BBAA008D08F305B74400000000BBAA009708FFFFC74200000000BBAA0064050000000001BBAA0083080000000000000000BB
03-16-2026 20:29:00.541,1638,RECV,AA0083080000000000000000BBAA0551056300000001BBAA0083080000000000000000BBAA0064050000000001BB
03-16-2026 20:29:00.605,1639,RECV,AA0083080000000000000000BBAA0551056300000001BBAA0081080000000000000000BBAA0083080000000000000000BBAA008508DF
03-16-2026 20:29:01.481,1640,RECV,1681BD9F2FCBBDBBAA0087080000000000000000BBAA009708FFFFC74200000000BBAA0064050000000001BBAA0083080000000000000000BB
03-16-2026 20:29:01.481,1641,RECV,AA0083080000000000000000BBAA0551056300000001BBAA0083080000000000000000BBAA0064050000000001BB
03-16-2026 20:29:01.481,1642,RECV,AA0083080000000000000000BBAA0551056300000001BB
03-16-2026 20:29:01.481,1643,RECV,AA0081080000000000000000BBAA0083080000000000000000BBAA0085087FC179BD5F8DCBBDBBAA0087080000000000000000BBAA009708FFFFC74200000000BBAA0064050000000001BBAA0083080000000000000000BB
03-16-2026 20:29:01.481,1644,RECV,AA0083080000000000000000BBAA0551056300000001BBAA0083080000000000000000BB
03-16-2026 20:29:01.481,1645,RECV,AA0064050000000001BBAA0083080000000000000000BBAA0551056300000001BB
03-16-2026 20:29:01.481,1646,RECV,AA0081080000000000000000BBAA0083080000000000000000BBAA0085087F4A78BDBF59D1BDBBAA0087080000000000000000BBAA009708FFFFC74200000000BBAA0064050000000001BBAA0083080000000000000000BB
03-16-2026 20:29:01.481,1647,RECV,AA0083080000000000000000BBAA0551056300000001BBAA0083080000000000000000BB
03-16-2026 20:29:01.481,1648,RECV,AA0064050000000001BBAA0083080000000000000000BBAA05510563000000
03-16-2026 20:29:01.481,1649,RECV,01BBAA0081080000000000000000BBAA0083080000000000000000BBAA008508FF9F8CBDFF96CCBDBBAA0087080000000000000000BBAA009708FFFFC74200000000BBAA0064050000000001BBAA0083080000000000000000BB
03-16-2026 20:29:01.481,1650,RECV,AA0083080000000000000000BBAA0551056300000001BB
03-16-2026 20:29:01.481,1651,RECV,AA0083080000000000000000BBAA0064050000000001BBAA0083080000000000000000BB
03-16-2026 20:29:01.481,1652,RECV,AA0551056300000001BBAA00800803400000ED05CC2FBBAA00820861DF534100000000BBAA0084080000000000000000BBAA0086080000000000000000BBAA008808A095BA3C86D66F41BBAA008B0840089C40447AB741BBAA008D08F305B74400000000BBAA009708FFFFC74200000000BBAA0064050000000001BB
03-16-2026 20:29:01.496,1653,RECV,AA0083080000000000000000BBAA0083080000000000000000BBAA0551056300000001BB
03-16-2026 20:29:01.560,1654,RECV,AA0083080000000000000000BBAA0064050000000001BBAA0083080000000000000000BB
03-16-2026 20:29:02.489,1655,RECV,AA0551056300000001BBAA0081080000000000000000BBAA0083080000000000000000BBAA008508FE707CBD5FF8CEBDBBAA0087080000000000000000BBAA009708FFFFC74200000000BBAA006405
03-16-2026 20:29:02.489,1656,RECV,0000000001BBAA0083080000000000000000BBAA0083080000000000000000BBAA0551056300000001BB
03-16-2026 20:29:02.489,1657,RECV,AA0083080000000000000000BBAA0064050000000001BB
03-16-2026 20:29:02.494,1658,RECV,AA0083080000000000000000BBAA0551056300000001BBAA0081080000000000000000BBAA0083080000000000000000BBAA008508FEE17EBD3FB6CCBDBBAA0087080000000000000000BBAA009708FFFFC74200000000BBAA0064050000000001BB
03-16-2026 20:29:02.494,1659,RECV,AA0083080000000000000000BBAA0083080000000000000000BBAA0551056300000001BB
03-16-2026 20:29:02.494,1660,RECV,AA0083080000000000000000BBAA0064050000000001BB
03-16-2026 20:29:02.494,1661,RECV,AA0083080000000000000000BBAA0551056300000001BB
